Image Name,Gender,Age,Emotion,Gender Prob,Age Prob,Emotion Prob,Top 3 Age,Conf,Top 3 Emotion,Conf
002948b3-57ce-40f0-a291-a3dd56aecfcc,Male,Age 4-7,Neutral,"0.9754,0.0246","Age 0-3: 0.0131,Age 4-7: 0.6788,Age 8-14: 0.3018,Age 15-24: 0.0056,Age 25-37: 0.0005,Age 38-47: 0.0000,Age 48-59: 0.0000,Age 60-100: 0.0002","Neutral: 0.5101,Happy: 0.3315,Sad: 0.0047,Surprised: 0.0483,Fear: 0.0006,Disgust: 0.0046,Angry: 0.0164,Contempt: 0.0838","['Age 4-7', 'Age 8-14', 'Age 0-3']",0.37699999999999995,"['Neutral', 'Happy', 'Contempt']",0.17859999999999998
01070884-a426-4be7-a54a-df81d9b144dc,Male,Age 0-3,Neutral,"0.9085,0.0915","Age 0-3: 0.9403,Age 4-7: 0.0391,Age 8-14: 0.0121,Age 15-24: 0.0014,Age 25-37: 0.0010,Age 38-47: 0.0000,Age 48-59: 0.0006,Age 60-100: 0.0054","Neutral: 0.3840,Happy: 0.0331,Sad: 0.0743,Surprised: 0.1299,Fear: 0.2331,Disgust: 0.0360,Angry: 0.0171,Contempt: 0.0925","['Age 0-3', 'Age 4-7', 'Age 8-14']",0.9012,"['Neutral', 'Fear', 'Surprised']",0.1509
0161fed9-c957-4959-b2ab-a933c8cc820e,Female,Age 8-14,Neutral,"0.0387,0.9613","Age 0-3: 0.0192,Age 4-7: 0.3321,Age 8-14: 0.5682,Age 15-24: 0.0609,Age 25-37: 0.0146,Age 38-47: 0.0012,Age 48-59: 0.0009,Age 60-100: 0.0030","Neutral: 0.7712,Happy: 0.0174,Sad: 0.0768,Surprised: 0.0147,Fear: 0.0146,Disgust: 0.0106,Angry: 0.0198,Contempt: 0.0747","['Age 8-14', 'Age 4-7', 'Age 15-24']",0.23610000000000003,"['Neutral', 'Sad', 'Contempt']",0.6944
04003814-43b0-4330-b69d-e5c47ea38534,Male,Age 8-14,Neutral,"0.9986,0.0014","Age 0-3: 0.0000,Age 4-7: 0.4100,Age 8-14: 0.5893,Age 15-24: 0.0005,Age 25-37: 0.0002,Age 38-47: 0.0000,Age 48-59: 0.0000,Age 60-100: 0.0000","Neutral: 0.7395,Happy: 0.1161,Sad: 0.0027,Surprised: 0.0179,Fear: 0.0000,Disgust: 0.0082,Angry: 0.0945,Contempt: 0.0211","['Age 8-14', 'Age 4-7', 'Age 15-24']",0.17930000000000007,"['Neutral', 'Happy', 'Angry']",0.6234000000000001
06322e62-b8ff-43a3-9198-1c45d80af9fb,Male,Age 4-7,Neutral,"0.6486,0.3514","Age 0-3: 0.0181,Age 4-7: 0.5829,Age 8-14: 0.3852,Age 15-24: 0.0121,Age 25-37: 0.0009,Age 38-47: 0.0000,Age 48-59: 0.0000,Age 60-100: 0.0007","Neutral: 0.6314,Happy: 0.1852,Sad: 0.0118,Surprised: 0.0652,Fear: 0.0029,Disgust: 0.0074,Angry: 0.0159,Contempt: 0.0802","['Age 4-7', 'Age 8-14', 'Age 0-3']",0.1977,"['Neutral', 'Happy', 'Contempt']",0.44619999999999993
0adc03fe-d194-4fc5-9ea3-b4506da7a379,Male,Age 0-3,Neutral,"0.9984,0.0016","Age 0-3: 0.5279,Age 4-7: 0.4618,Age 8-14: 0.0103,Age 15-24: 0.0000,Age 25-37: 0.0000,Age 38-47: 0.0000,Age 48-59: 0.0000,Age 60-100: 0.0001","Neutral: 0.7495,Happy: 0.0625,Sad: 0.0106,Surprised: 0.1443,Fear: 0.0035,Disgust: 0.0044,Angry: 0.0107,Contempt: 0.0145","['Age 0-3', 'Age 4-7', 'Age 8-14']",0.06610000000000005,"['Neutral', 'Surprised', 'Happy']",0.6052000000000001
0c0bf5ac-d954-42ab-b09d-2c4949defa86,Male,Age 8-14,Neutral,"0.9934,0.0066","Age 0-3: 0.0000,Age 4-7: 0.0258,Age 8-14: 0.9035,Age 15-24: 0.0669,Age 25-37: 0.0037,Age 38-47: 0.0001,Age 48-59: 0.0000,Age 60-100: 0.0000","Neutral: 0.9319,Happy: 0.0087,Sad: 0.0161,Surprised: 0.0108,Fear: 0.0017,Disgust: 0.0032,Angry: 0.0115,Contempt: 0.0161","['Age 8-14', 'Age 15-24', 'Age 4-7']",0.8366,"['Neutral', 'Sad', 'Contempt']",0.9158
0f273257-fd0f-48cb-8579-df317a92f969,Male,Age 8-14,Neutral,"0.7892,0.2108","Age 0-3: 0.0163,Age 4-7: 0.3540,Age 8-14: 0.5124,Age 15-24: 0.1054,Age 25-37: 0.0102,Age 38-47: 0.0003,Age 48-59: 0.0004,Age 60-100: 0.0011","Neutral: 0.8048,Happy: 0.0264,Sad: 0.0337,Surprised: 0.0225,Fear: 0.0109,Disgust: 0.0088,Angry: 0.0178,Contempt: 0.0751","['Age 8-14', 'Age 4-7', 'Age 15-24']",0.15839999999999999,"['Neutral', 'Contempt', 'Sad']",0.7297
0fb9f415-a0e9-4c88-8159-06d4ef308670,Male,Age 8-14,Happy,"0.9994,0.0006","Age 0-3: 0.0000,Age 4-7: 0.2338,Age 8-14: 0.7652,Age 15-24: 0.0010,Age 25-37: 0.0000,Age 38-47: 0.0000,Age 48-59: 0.0000,Age 60-100: 0.0000","Neutral: 0.2204,Happy: 0.4574,Sad: 0.0002,Surprised: 0.0013,Fear: 0.0000,Disgust: 0.0002,Angry: 0.2461,Contempt: 0.0744","['Age 8-14', 'Age 4-7', 'Age 15-24']",0.5314,"['Happy', 'Angry', 'Neutral']",0.21129999999999996
106a4dd2-229c-4a8b-b0c4-2eb452507db7,Male,Age 4-7,Happy,"0.9102,0.0898","Age 0-3: 0.0081,Age 4-7: 0.8121,Age 8-14: 0.1775,Age 15-24: 0.0020,Age 25-37: 0.0001,Age 38-47: 0.0000,Age 48-59: 0.0000,Age 60-100: 0.0001","Neutral: 0.1549,Happy: 0.4868,Sad: 0.0063,Surprised: 0.2469,Fear: 0.0016,Disgust: 0.0214,Angry: 0.0254,Contempt: 0.0566","['Age 4-7', 'Age 8-14', 'Age 0-3']",0.6346,"['Happy', 'Surprised', 'Neutral']",0.2399
1157cb56-463f-432d-8c1e-55d9a303d0fc,Male,Age 8-14,Neutral,"0.9291,0.0709","Age 0-3: 0.0001,Age 4-7: 0.3934,Age 8-14: 0.6024,Age 15-24: 0.0041,Age 25-37: 0.0000,Age 38-47: 0.0000,Age 48-59: 0.0000,Age 60-100: 0.0000","Neutral: 0.9648,Happy: 0.0057,Sad: 0.0024,Surprised: 0.0064,Fear: 0.0000,Disgust: 0.0014,Angry: 0.0012,Contempt: 0.0180","['Age 8-14', 'Age 4-7', 'Age 15-24']",0.20900000000000002,"['Neutral', 'Contempt', 'Surprised']",0.9468
1429a0f9-d7d5-4c27-a485-62f21032b598,Female,Age 4-7,Neutral,"0.3984,0.6016","Age 0-3: 0.0152,Age 4-7: 0.5445,Age 8-14: 0.4157,Age 15-24: 0.0223,Age 25-37: 0.0016,Age 38-47: 0.0001,Age 48-59: 0.0001,Age 60-100: 0.0005","Neutral: 0.6197,Happy: 0.2021,Sad: 0.0086,Surprised: 0.1061,Fear: 0.0041,Disgust: 0.0073,Angry: 0.0081,Contempt: 0.0440","['Age 4-7', 'Age 8-14', 'Age 15-24']",0.12879999999999997,"['Neutral', 'Happy', 'Surprised']",0.4176
14d01254-04fd-47df-939d-be7cd5da0de2,Male,Age 8-14,Happy,"0.9995,0.0005","Age 0-3: 0.0000,Age 4-7: 0.1121,Age 8-14: 0.8690,Age 15-24: 0.0188,Age 25-37: 0.0001,Age 38-47: 0.0000,Age 48-59: 0.0000,Age 60-100: 0.0000","Neutral: 0.2460,Happy: 0.3635,Sad: 0.0009,Surprised: 0.0070,Fear: 0.0000,Disgust: 0.0045,Angry: 0.1156,Contempt: 0.2625","['Age 8-14', 'Age 4-7', 'Age 15-24']",0.7569,"['Happy', 'Contempt', 'Neutral']",0.10099999999999998
16817e7a-b913-4bc7-bc2a-ffc51a1ffe1d,Male,Age 8-14,Happy,"0.9997,0.0003","Age 0-3: 0.0000,Age 4-7: 0.2313,Age 8-14: 0.7533,Age 15-24: 0.0139,Age 25-37: 0.0014,Age 38-47: 0.0000,Age 48-59: 0.0000,Age 60-100: 0.0000","Neutral: 0.3129,Happy: 0.5991,Sad: 0.0002,Surprised: 0.0054,Fear: 0.0000,Disgust: 0.0015,Angry: 0.0200,Contempt: 0.0610","['Age 8-14', 'Age 4-7', 'Age 15-24']",0.522,"['Happy', 'Neutral', 'Contempt']",0.28619999999999995
170432c3-52b5-49da-8931-10a83bf402a3,Male,Age 8-14,Neutral,"0.7854,0.2146","Age 0-3: 0.0007,Age 4-7: 0.2241,Age 8-14: 0.7126,Age 15-24: 0.0610,Age 25-37: 0.0015,Age 38-47: 0.0000,Age 48-59: 0.0000,Age 60-100: 0.0001","Neutral: 0.8789,Happy: 0.0265,Sad: 0.0160,Surprised: 0.0228,Fear: 0.0024,Disgust: 0.0049,Angry: 0.0087,Contempt: 0.0396","['Age 8-14', 'Age 4-7', 'Age 15-24']",0.48850000000000005,"['Neutral', 'Contempt', 'Happy']",0.8393
181bac14-4e17-42de-b878-05edee6ec2dd,Male,Age 4-7,Neutral,"0.9976,0.0024","Age 0-3: 0.0077,Age 4-7: 0.7062,Age 8-14: 0.2775,Age 15-24: 0.0083,Age 25-37: 0.0003,Age 38-47: 0.0000,Age 48-59: 0.0000,Age 60-100: 0.0001","Neutral: 0.9467,Happy: 0.0106,Sad: 0.0091,Surprised: 0.0067,Fear: 0.0004,Disgust: 0.0011,Angry: 0.0026,Contempt: 0.0228","['Age 4-7', 'Age 8-14', 'Age 15-24']",0.4287,"['Neutral', 'Contempt', 'Happy']",0.9238999999999999
1897386c-ecfc-44ee-affb-5a14b25115c1,Male,Age 8-14,Neutral,"0.9106,0.0894","Age 0-3: 0.0003,Age 4-7: 0.0576,Age 8-14: 0.6003,Age 15-24: 0.3119,Age 25-37: 0.0279,Age 38-47: 0.0012,Age 48-59: 0.0005,Age 60-100: 0.0003","Neutral: 0.4542,Happy: 0.0546,Sad: 0.0385,Surprised: 0.0136,Fear: 0.0056,Disgust: 0.0263,Angry: 0.1555,Contempt: 0.2517","['Age 8-14', 'Age 15-24', 'Age 4-7']",0.28839999999999993,"['Neutral', 'Contempt', 'Angry']",0.2025
19019d5f-9f70-42e5-8eef-fc4af0dfb6a6,Female,Age 4-7,Neutral,"0.0335,0.9665","Age 0-3: 0.1121,Age 4-7: 0.6893,Age 8-14: 0.1899,Age 15-24: 0.0046,Age 25-37: 0.0017,Age 38-47: 0.0001,Age 48-59: 0.0001,Age 60-100: 0.0022","Neutral: 0.7838,Happy: 0.1021,Sad: 0.0208,Surprised: 0.0528,Fear: 0.0025,Disgust: 0.0046,Angry: 0.0056,Contempt: 0.0280","['Age 4-7', 'Age 8-14', 'Age 0-3']",0.4994,"['Neutral', 'Happy', 'Surprised']",0.6817000000000001
1a6ab495-a958-4d95-a440-3c21fa48615f,Male,Age 8-14,Neutral,"0.7206,0.2794","Age 0-3: 0.0002,Age 4-7: 0.1071,Age 8-14: 0.8135,Age 15-24: 0.0778,Age 25-37: 0.0013,Age 38-47: 0.0000,Age 48-59: 0.0000,Age 60-100: 0.0000","Neutral: 0.6783,Happy: 0.0609,Sad: 0.0180,Surprised: 0.0212,Fear: 0.0064,Disgust: 0.0155,Angry: 0.0265,Contempt: 0.1732","['Age 8-14', 'Age 4-7', 'Age 15-24']",0.7064,"['Neutral', 'Contempt', 'Happy']",0.5051
1cb849e4-7ad8-4866-8a7d-507637a1f07b,Female,Age 8-14,Neutral,"0.0104,0.9896","Age 0-3: 0.0000,Age 4-7: 0.1143,Age 8-14: 0.8370,Age 15-24: 0.0487,Age 25-37: 0.0000,Age 38-47: 0.0000,Age 48-59: 0.0000,Age 60-100: 0.0000","Neutral: 0.5784,Happy: 0.2291,Sad: 0.0044,Surprised: 0.1120,Fear: 0.0011,Disgust: 0.0041,Angry: 0.0235,Contempt: 0.0474","['Age 8-14', 'Age 4-7', 'Age 15-24']",0.7227,"['Neutral', 'Happy', 'Surprised']",0.34930000000000005
1df60ef7-8330-4074-a6ef-d83b4b341833,Male,Age 8-14,Neutral,"0.9934,0.0066","Age 0-3: 0.0000,Age 4-7: 0.0258,Age 8-14: 0.9035,Age 15-24: 0.0669,Age 25-37: 0.0037,Age 38-47: 0.0001,Age 48-59: 0.0000,Age 60-100: 0.0000","Neutral: 0.9319,Happy: 0.0087,Sad: 0.0161,Surprised: 0.0108,Fear: 0.0017,Disgust: 0.0032,Angry: 0.0115,Contempt: 0.0161","['Age 8-14', 'Age 15-24', 'Age 4-7']",0.8366,"['Neutral', 'Sad', 'Contempt']",0.9158
1f63e60b-753a-4c87-bc47-02f6e8eed7a4,Male,Age 8-14,Neutral,"0.9934,0.0066","Age 0-3: 0.0000,Age 4-7: 0.0258,Age 8-14: 0.9035,Age 15-24: 0.0669,Age 25-37: 0.0037,Age 38-47: 0.0001,Age 48-59: 0.0000,Age 60-100: 0.0000","Neutral: 0.9319,Happy: 0.0087,Sad: 0.0161,Surprised: 0.0108,Fear: 0.0017,Disgust: 0.0032,Angry: 0.0115,Contempt: 0.0161","['Age 8-14', 'Age 15-24', 'Age 4-7']",0.8366,"['Neutral', 'Sad', 'Contempt']",0.9158
2319c04d-952a-4edd-a811-464f993a9f24,Male,Age 15-24,Neutral,"0.9560,0.0440","Age 0-3: 0.0001,Age 4-7: 0.0209,Age 8-14: 0.4484,Age 15-24: 0.5239,Age 25-37: 0.0062,Age 38-47: 0.0003,Age 48-59: 0.0002,Age 60-100: 0.0000","Neutral: 0.4386,Happy: 0.3315,Sad: 0.0071,Surprised: 0.0252,Fear: 0.0001,Disgust: 0.0120,Angry: 0.0944,Contempt: 0.0912","['Age 15-24', 'Age 8-14', 'Age 4-7']",0.07550000000000001,"['Neutral', 'Happy', 'Angry']",0.10709999999999997
242566a7-c605-42bb-beb3-d91c13863b34,Male,Age 8-14,Neutral,"0.9982,0.0018","Age 0-3: 0.0033,Age 4-7: 0.1873,Age 8-14: 0.5882,Age 15-24: 0.2006,Age 25-37: 0.0189,Age 38-47: 0.0005,Age 48-59: 0.0005,Age 60-100: 0.0007","Neutral: 0.7600,Happy: 0.0578,Sad: 0.0196,Surprised: 0.0124,Fear: 0.0018,Disgust: 0.0073,Angry: 0.0337,Contempt: 0.1075","['Age 8-14', 'Age 15-24', 'Age 4-7']",0.38759999999999994,"['Neutral', 'Contempt', 'Happy']",0.6525
24f226a3-7e60-4029-8feb-76ddf23e0bd9,Female,Age 8-14,Happy,"0.1829,0.8171","Age 0-3: 0.0025,Age 4-7: 0.1772,Age 8-14: 0.6615,Age 15-24: 0.1471,Age 25-37: 0.0101,Age 38-47: 0.0005,Age 48-59: 0.0005,Age 60-100: 0.0006","Neutral: 0.4149,Happy: 0.4517,Sad: 0.0042,Surprised: 0.0378,Fear: 0.0003,Disgust: 0.0038,Angry: 0.0077,Contempt: 0.0796","['Age 8-14', 'Age 4-7', 'Age 15-24']",0.48429999999999995,"['Happy', 'Neutral', 'Contempt']",0.0368
26b9ab16-ce8b-4474-8333-cbfb77063edb,Male,Age 8-14,Neutral,"0.8035,0.1965","Age 0-3: 0.0033,Age 4-7: 0.3514,Age 8-14: 0.5717,Age 15-24: 0.0694,Age 25-37: 0.0039,Age 38-47: 0.0001,Age 48-59: 0.0001,Age 60-100: 0.0002","Neutral: 0.4271,Happy: 0.2571,Sad: 0.0123,Surprised: 0.1795,Fear: 0.0083,Disgust: 0.0251,Angry: 0.0225,Contempt: 0.0681","['Age 8-14', 'Age 4-7', 'Age 15-24']",0.2203,"['Neutral', 'Happy', 'Surprised']",0.16999999999999998
27f91b38-d667-4eba-9ff7-2a5501bcec28,Male,Age 8-14,Happy,"0.9999,0.0001","Age 0-3: 0.0000,Age 4-7: 0.0034,Age 8-14: 0.9834,Age 15-24: 0.0026,Age 25-37: 0.0106,Age 38-47: 0.0000,Age 48-59: 0.0000,Age 60-100: 0.0000","Neutral: 0.0405,Happy: 0.9368,Sad: 0.0000,Surprised: 0.0005,Fear: 0.0000,Disgust: 0.0001,Angry: 0.0026,Contempt: 0.0195","['Age 8-14', 'Age 25-37', 'Age 4-7']",0.9728,"['Happy', 'Neutral', 'Contempt']",0.8963
2836ba34-1f7f-4f99-a2ba-3855323db2dc,Male,Age 8-14,Contempt,"0.9772,0.0228","Age 0-3: 0.0000,Age 4-7: 0.0023,Age 8-14: 0.9768,Age 15-24: 0.0208,Age 25-37: 0.0000,Age 38-47: 0.0000,Age 48-59: 0.0000,Age 60-100: 0.0000","Neutral: 0.2343,Happy: 0.0079,Sad: 0.0237,Surprised: 0.0024,Fear: 0.0047,Disgust: 0.0073,Angry: 0.0300,Contempt: 0.6896","['Age 8-14', 'Age 15-24', 'Age 4-7']",0.956,"['Contempt', 'Neutral', 'Angry']",0.4553
28f12d9b-c6b3-4392-b9da-f1d7746afcde,Male,Age 8-14,Neutral,"0.9674,0.0326","Age 0-3: 0.0000,Age 4-7: 0.1148,Age 8-14: 0.8829,Age 15-24: 0.0023,Age 25-37: 0.0000,Age 38-47: 0.0000,Age 48-59: 0.0000,Age 60-100: 0.0000","Neutral: 0.5962,Happy: 0.1779,Sad: 0.0125,Surprised: 0.0282,Fear: 0.0010,Disgust: 0.0196,Angry: 0.0611,Contempt: 0.1036","['Age 8-14', 'Age 4-7', 'Age 15-24']",0.7681,"['Neutral', 'Happy', 'Contempt']",0.41829999999999995
28f17642-9ca6-42ee-9594-4319144e9a76,Male,Age 8-14,Happy,"0.8883,0.1117","Age 0-3: 0.0000,Age 4-7: 0.0422,Age 8-14: 0.9301,Age 15-24: 0.0276,Age 25-37: 0.0002,Age 38-47: 0.0000,Age 48-59: 0.0000,Age 60-100: 0.0000","Neutral: 0.0217,Happy: 0.9461,Sad: 0.0001,Surprised: 0.0130,Fear: 0.0000,Disgust: 0.0023,Angry: 0.0049,Contempt: 0.0119","['Age 8-14', 'Age 4-7', 'Age 15-24']",0.8879,"['Happy', 'Neutral', 'Surprised']",0.9244
2a5d0fd5-0fc0-413b-b094-3d2207df4e0e,Male,Age 4-7,Surprised,"0.9276,0.0724","Age 0-3: 0.0357,Age 4-7: 0.6697,Age 8-14: 0.2831,Age 15-24: 0.0071,Age 25-37: 0.0027,Age 38-47: 0.0002,Age 48-59: 0.0001,Age 60-100: 0.0015","Neutral: 0.0599,Happy: 0.2496,Sad: 0.0003,Surprised: 0.6719,Fear: 0.0002,Disgust: 0.0035,Angry: 0.0102,Contempt: 0.0043","['Age 4-7', 'Age 8-14', 'Age 0-3']",0.38659999999999994,"['Surprised', 'Happy', 'Neutral']",0.42230000000000006
2c916e4e-b02f-45db-8d5c-eb0b857508fe,Male,Age 8-14,Neutral,"0.9948,0.0052","Age 0-3: 0.0000,Age 4-7: 0.0021,Age 8-14: 0.9680,Age 15-24: 0.0299,Age 25-37: 0.0000,Age 38-47: 0.0000,Age 48-59: 0.0000,Age 60-100: 0.0000","Neutral: 0.4980,Happy: 0.0935,Sad: 0.0045,Surprised: 0.0040,Fear: 0.0000,Disgust: 0.0025,Angry: 0.2397,Contempt: 0.1579","['Age 8-14', 'Age 15-24', 'Age 4-7']",0.9380999999999999,"['Neutral', 'Angry', 'Contempt']",0.2583
2fd99e0e-5c6e-4bed-b972-f45c829641c2,Male,Age 8-14,Neutral,"0.9934,0.0066","Age 0-3: 0.0000,Age 4-7: 0.0258,Age 8-14: 0.9035,Age 15-24: 0.0669,Age 25-37: 0.0037,Age 38-47: 0.0001,Age 48-59: 0.0000,Age 60-100: 0.0000","Neutral: 0.9319,Happy: 0.0087,Sad: 0.0161,Surprised: 0.0108,Fear: 0.0017,Disgust: 0.0032,Angry: 0.0115,Contempt: 0.0161","['Age 8-14', 'Age 15-24', 'Age 4-7']",0.8366,"['Neutral', 'Sad', 'Contempt']",0.9158
2fe1e237-fed8-437c-837f-d46ab3e7f46e,Male,Age 8-14,Neutral,"1.0000,0.0000","Age 0-3: 0.0000,Age 4-7: 0.1101,Age 8-14: 0.8790,Age 15-24: 0.0110,Age 25-37: 0.0000,Age 38-47: 0.0000,Age 48-59: 0.0000,Age 60-100: 0.0000","Neutral: 0.5025,Happy: 0.3987,Sad: 0.0002,Surprised: 0.0037,Fear: 0.0000,Disgust: 0.0005,Angry: 0.0560,Contempt: 0.0384","['Age 8-14', 'Age 4-7', 'Age 15-24']",0.7689,"['Neutral', 'Happy', 'Angry']",0.10379999999999995
321fa8c0-1349-4c23-8248-0115fc5e663f,Male,Age 4-7,Neutral,"0.7173,0.2827","Age 0-3: 0.0106,Age 4-7: 0.5082,Age 8-14: 0.4414,Age 15-24: 0.0380,Age 25-37: 0.0014,Age 38-47: 0.0000,Age 48-59: 0.0000,Age 60-100: 0.0003","Neutral: 0.7490,Happy: 0.0878,Sad: 0.0106,Surprised: 0.0919,Fear: 0.0069,Disgust: 0.0067,Angry: 0.0053,Contempt: 0.0418","['Age 4-7', 'Age 8-14', 'Age 15-24']",0.06679999999999997,"['Neutral', 'Surprised', 'Happy']",0.6571
36b2baaa-0f7d-45a4-928e-f280b7c51f48,Male,Age 4-7,Neutral,"0.9840,0.0160","Age 0-3: 0.0000,Age 4-7: 0.5050,Age 8-14: 0.4948,Age 15-24: 0.0002,Age 25-37: 0.0000,Age 38-47: 0.0000,Age 48-59: 0.0000,Age 60-100: 0.0000","Neutral: 0.3609,Happy: 0.1680,Sad: 0.0056,Surprised: 0.0138,Fear: 0.0003,Disgust: 0.0117,Angry: 0.1056,Contempt: 0.3340","['Age 4-7', 'Age 8-14', 'Age 15-24']",0.010199999999999987,"['Neutral', 'Contempt', 'Happy']",0.02689999999999998
3ac8a89b-99b2-4c50-9063-c7c24f2ce8b3,Male,Age 8-14,Sad,"0.5611,0.4389","Age 0-3: 0.0000,Age 4-7: 0.0000,Age 8-14: 0.9999,Age 15-24: 0.0001,Age 25-37: 0.0000,Age 38-47: 0.0000,Age 48-59: 0.0000,Age 60-100: 0.0000","Neutral: 0.0040,Happy: 0.0003,Sad: 0.7705,Surprised: 0.0001,Fear: 0.0012,Disgust: 0.2215,Angry: 0.0019,Contempt: 0.0005","['Age 8-14', 'Age 15-24', 'Age 60-100']",0.9998,"['Sad', 'Disgust', 'Neutral']",0.5489999999999999
3b1a643e-11a4-48c6-8e5a-e1d27d585152,Female,Age 4-7,Angry,"0.0877,0.9123","Age 0-3: 0.0103,Age 4-7: 0.5978,Age 8-14: 0.3583,Age 15-24: 0.0329,Age 25-37: 0.0006,Age 38-47: 0.0000,Age 48-59: 0.0000,Age 60-100: 0.0002","Neutral: 0.2536,Happy: 0.0273,Sad: 0.0114,Surprised: 0.0064,Fear: 0.0006,Disgust: 0.0093,Angry: 0.4983,Contempt: 0.1931","['Age 4-7', 'Age 8-14', 'Age 15-24']",0.2395,"['Angry', 'Neutral', 'Contempt']",0.24470000000000003
3b39acb2-d522-4335-a046-2a10b07a4f12,Male,Age 8-14,Neutral,"0.9972,0.0028","Age 0-3: 0.0002,Age 4-7: 0.3789,Age 8-14: 0.6041,Age 15-24: 0.0168,Age 25-37: 0.0001,Age 38-47: 0.0000,Age 48-59: 0.0000,Age 60-100: 0.0000","Neutral: 0.7070,Happy: 0.0484,Sad: 0.0081,Surprised: 0.1886,Fear: 0.0097,Disgust: 0.0133,Angry: 0.0099,Contempt: 0.0149","['Age 8-14', 'Age 4-7', 'Age 15-24']",0.22519999999999996,"['Neutral', 'Surprised', 'Happy']",0.5184
3b697e37-2a63-420f-8698-421218d6f6da,Male,Age 8-14,Contempt,"0.9032,0.0968","Age 0-3: 0.0003,Age 4-7: 0.0299,Age 8-14: 0.5214,Age 15-24: 0.4104,Age 25-37: 0.0334,Age 38-47: 0.0026,Age 48-59: 0.0015,Age 60-100: 0.0004","Neutral: 0.2061,Happy: 0.0170,Sad: 0.0183,Surprised: 0.0029,Fear: 0.0029,Disgust: 0.0110,Angry: 0.0221,Contempt: 0.7197","['Age 8-14', 'Age 15-24', 'Age 25-37']",0.11099999999999999,"['Contempt', 'Neutral', 'Angry']",0.5136000000000001
3d40dd92-8b1c-4a1d-b0eb-fa3c7026cac7,Male,Age 8-14,Neutral,"0.8289,0.1711","Age 0-3: 0.0193,Age 4-7: 0.4487,Age 8-14: 0.4582,Age 15-24: 0.0496,Age 25-37: 0.0211,Age 38-47: 0.0006,Age 48-59: 0.0006,Age 60-100: 0.0018","Neutral: 0.5826,Happy: 0.1869,Sad: 0.0060,Surprised: 0.1393,Fear: 0.0066,Disgust: 0.0090,Angry: 0.0162,Contempt: 0.0535","['Age 8-14', 'Age 4-7', 'Age 15-24']",0.009500000000000008,"['Neutral', 'Happy', 'Surprised']",0.3957
3d71f7ba-7312-4086-b9fe-83199f377e37,Male,Age 4-7,Neutral,"0.9633,0.0367","Age 0-3: 0.0010,Age 4-7: 0.7493,Age 8-14: 0.2490,Age 15-24: 0.0007,Age 25-37: 0.0001,Age 38-47: 0.0000,Age 48-59: 0.0000,Age 60-100: 0.0000","Neutral: 0.8189,Happy: 0.0358,Sad: 0.0310,Surprised: 0.0566,Fear: 0.0108,Disgust: 0.0074,Angry: 0.0079,Contempt: 0.0315","['Age 4-7', 'Age 8-14', 'Age 0-3']",0.5003,"['Neutral', 'Surprised', 'Happy']",0.7623
3e365e49-e050-402a-9bc7-33d567fcee76,Male,Age 4-7,Happy,"0.9504,0.0496","Age 0-3: 0.0002,Age 4-7: 0.7309,Age 8-14: 0.2679,Age 15-24: 0.0010,Age 25-37: 0.0000,Age 38-47: 0.0000,Age 48-59: 0.0000,Age 60-100: 0.0000","Neutral: 0.1202,Happy: 0.8392,Sad: 0.0001,Surprised: 0.0111,Fear: 0.0000,Disgust: 0.0004,Angry: 0.0056,Contempt: 0.0233","['Age 4-7', 'Age 8-14', 'Age 15-24']",0.46299999999999997,"['Happy', 'Neutral', 'Contempt']",0.719
40841e12-5ba2-4293-b9a5-005a740950b9,Male,Age 8-14,Neutral,"0.9934,0.0066","Age 0-3: 0.0000,Age 4-7: 0.0258,Age 8-14: 0.9035,Age 15-24: 0.0669,Age 25-37: 0.0037,Age 38-47: 0.0001,Age 48-59: 0.0000,Age 60-100: 0.0000","Neutral: 0.9319,Happy: 0.0087,Sad: 0.0161,Surprised: 0.0108,Fear: 0.0017,Disgust: 0.0032,Angry: 0.0115,Contempt: 0.0161","['Age 8-14', 'Age 15-24', 'Age 4-7']",0.8366,"['Neutral', 'Sad', 'Contempt']",0.9158
412e3b9b-ecde-4d93-a804-a2f58c7d3d93,Male,Age 8-14,Neutral,"0.9720,0.0280","Age 0-3: 0.0000,Age 4-7: 0.0223,Age 8-14: 0.9695,Age 15-24: 0.0082,Age 25-37: 0.0000,Age 38-47: 0.0000,Age 48-59: 0.0000,Age 60-100: 0.0000","Neutral: 0.7806,Happy: 0.0459,Sad: 0.0143,Surprised: 0.0137,Fear: 0.0021,Disgust: 0.0160,Angry: 0.0259,Contempt: 0.1016","['Age 8-14', 'Age 4-7', 'Age 15-24']",0.9472,"['Neutral', 'Contempt', 'Happy']",0.6789999999999999
413c553f-2ece-4ca3-b09c-905212dae7e9,Male,Age 0-3,Happy,"0.9760,0.0240","Age 0-3: 0.9702,Age 4-7: 0.0240,Age 8-14: 0.0052,Age 15-24: 0.0002,Age 25-37: 0.0000,Age 38-47: 0.0000,Age 48-59: 0.0000,Age 60-100: 0.0004","Neutral: 0.0006,Happy: 0.9991,Sad: 0.0000,Surprised: 0.0002,Fear: 0.0000,Disgust: 0.0000,Angry: 0.0000,Contempt: 0.0001","['Age 0-3', 'Age 4-7', 'Age 8-14']",0.9461999999999999,"['Happy', 'Neutral', 'Surprised']",0.9984999999999999
42bdb3f0-8af1-4839-b5d1-70611863633f,Male,Age 4-7,Neutral,"0.9630,0.0370","Age 0-3: 0.0002,Age 4-7: 0.8940,Age 8-14: 0.1059,Age 15-24: 0.0000,Age 25-37: 0.0000,Age 38-47: 0.0000,Age 48-59: 0.0000,Age 60-100: 0.0000","Neutral: 0.5004,Happy: 0.2786,Sad: 0.0087,Surprised: 0.0555,Fear: 0.0005,Disgust: 0.0033,Angry: 0.0156,Contempt: 0.1372","['Age 4-7', 'Age 8-14', 'Age 0-3']",0.7881,"['Neutral', 'Happy', 'Contempt']",0.22179999999999994
43ab9079-e653-4a05-a775-77e7b18f8c44,Male,Age 8-14,Neutral,"0.9972,0.0028","Age 0-3: 0.0002,Age 4-7: 0.3789,Age 8-14: 0.6041,Age 15-24: 0.0168,Age 25-37: 0.0001,Age 38-47: 0.0000,Age 48-59: 0.0000,Age 60-100: 0.0000","Neutral: 0.7070,Happy: 0.0484,Sad: 0.0081,Surprised: 0.1886,Fear: 0.0097,Disgust: 0.0133,Angry: 0.0099,Contempt: 0.0149","['Age 8-14', 'Age 4-7', 'Age 15-24']",0.22519999999999996,"['Neutral', 'Surprised', 'Happy']",0.5184
443bb535-ee95-467f-91d3-6fa2eb2245c0,Male,Age 4-7,Neutral,"0.8697,0.1303","Age 0-3: 0.0061,Age 4-7: 0.7301,Age 8-14: 0.2621,Age 15-24: 0.0016,Age 25-37: 0.0000,Age 38-47: 0.0000,Age 48-59: 0.0000,Age 60-100: 0.0000","Neutral: 0.6417,Happy: 0.0930,Sad: 0.0257,Surprised: 0.0443,Fear: 0.0077,Disgust: 0.0120,Angry: 0.0119,Contempt: 0.1637","['Age 4-7', 'Age 8-14', 'Age 0-3']",0.46799999999999997,"['Neutral', 'Contempt', 'Happy']",0.47800000000000004
446e9bb3-3482-4152-a022-cf2097ae4cfc,Female,Age 8-14,Neutral,"0.1658,0.8342","Age 0-3: 0.0023,Age 4-7: 0.3492,Age 8-14: 0.6143,Age 15-24: 0.0279,Age 25-37: 0.0054,Age 38-47: 0.0003,Age 48-59: 0.0001,Age 60-100: 0.0005","Neutral: 0.7168,Happy: 0.0756,Sad: 0.0227,Surprised: 0.1322,Fear: 0.0150,Disgust: 0.0086,Angry: 0.0060,Contempt: 0.0230","['Age 8-14', 'Age 4-7', 'Age 15-24']",0.26509999999999995,"['Neutral', 'Surprised', 'Happy']",0.5846
45052f3c-78b2-41b8-b665-3c09f16758dc,Female,Age 8-14,Surprised,"0.0197,0.9803","Age 0-3: 0.0000,Age 4-7: 0.0032,Age 8-14: 0.7973,Age 15-24: 0.1995,Age 25-37: 0.0000,Age 38-47: 0.0000,Age 48-59: 0.0000,Age 60-100: 0.0000","Neutral: 0.0003,Happy: 0.0012,Sad: 0.0000,Surprised: 0.9985,Fear: 0.0000,Disgust: 0.0000,Angry: 0.0000,Contempt: 0.0000","['Age 8-14', 'Age 15-24', 'Age 4-7']",0.5978,"['Surprised', 'Happy', 'Neutral']",0.9973000000000001
472d4e14-c71b-441e-9bc9-829abd9a0e58,Male,Age 8-14,Neutral,"0.9995,0.0005","Age 0-3: 0.0000,Age 4-7: 0.0016,Age 8-14: 0.9983,Age 15-24: 0.0001,Age 25-37: 0.0000,Age 38-47: 0.0000,Age 48-59: 0.0000,Age 60-100: 0.0000","Neutral: 0.5170,Happy: 0.2255,Sad: 0.0034,Surprised: 0.0317,Fear: 0.0002,Disgust: 0.0173,Angry: 0.0803,Contempt: 0.1246","['Age 8-14', 'Age 4-7', 'Age 15-24']",0.9966999999999999,"['Neutral', 'Happy', 'Contempt']",0.2915
472f002d-3407-49b5-9f53-eb3bd127160a,Male,Age 8-14,Neutral,"0.7505,0.2495","Age 0-3: 0.0001,Age 4-7: 0.1179,Age 8-14: 0.8304,Age 15-24: 0.0499,Age 25-37: 0.0016,Age 38-47: 0.0001,Age 48-59: 0.0000,Age 60-100: 0.0000","Neutral: 0.8270,Happy: 0.0615,Sad: 0.0177,Surprised: 0.0273,Fear: 0.0025,Disgust: 0.0056,Angry: 0.0192,Contempt: 0.0390","['Age 8-14', 'Age 4-7', 'Age 15-24']",0.7125,"['Neutral', 'Happy', 'Contempt']",0.7655
49aed332-a596-4126-8f6d-a1696b2dd903,Male,Age 8-14,Neutral,"0.9949,0.0051","Age 0-3: 0.0002,Age 4-7: 0.3635,Age 8-14: 0.6296,Age 15-24: 0.0066,Age 25-37: 0.0001,Age 38-47: 0.0000,Age 48-59: 0.0000,Age 60-100: 0.0000","Neutral: 0.8629,Happy: 0.0212,Sad: 0.0228,Surprised: 0.0125,Fear: 0.0035,Disgust: 0.0040,Angry: 0.0106,Contempt: 0.0625","['Age 8-14', 'Age 4-7', 'Age 15-24']",0.26610000000000006,"['Neutral', 'Contempt', 'Sad']",0.8004
49bdcea4-3a1e-402b-9c4f-4bce0d0925fa,Male,Age 8-14,Happy,"0.9906,0.0094","Age 0-3: 0.0000,Age 4-7: 0.0042,Age 8-14: 0.9910,Age 15-24: 0.0048,Age 25-37: 0.0000,Age 38-47: 0.0000,Age 48-59: 0.0000,Age 60-100: 0.0000","Neutral: 0.0001,Happy: 0.9999,Sad: 0.0000,Surprised: 0.0000,Fear: 0.0000,Disgust: 0.0000,Angry: 0.0000,Contempt: 0.0000","['Age 8-14', 'Age 15-24', 'Age 4-7']",0.9862,"['Happy', 'Neutral', 'Surprised']",0.9998
503266ee-579a-45b5-8f6a-8b4ee8236808,Male,Age 8-14,Happy,"0.9011,0.0989","Age 0-3: 0.0210,Age 4-7: 0.2897,Age 8-14: 0.4987,Age 15-24: 0.1778,Age 25-37: 0.0093,Age 38-47: 0.0005,Age 48-59: 0.0014,Age 60-100: 0.0017","Neutral: 0.3457,Happy: 0.3576,Sad: 0.0086,Surprised: 0.1700,Fear: 0.0025,Disgust: 0.0155,Angry: 0.0275,Contempt: 0.0726","['Age 8-14', 'Age 4-7', 'Age 15-24']",0.20899999999999996,"['Happy', 'Neutral', 'Surprised']",0.011899999999999966
52d248ad-bd19-4596-9e5b-3755bf229435,Male,Age 8-14,Neutral,"0.9833,0.0167","Age 0-3: 0.0024,Age 4-7: 0.1389,Age 8-14: 0.5657,Age 15-24: 0.2539,Age 25-37: 0.0359,Age 38-47: 0.0013,Age 48-59: 0.0011,Age 60-100: 0.0007","Neutral: 0.6484,Happy: 0.0658,Sad: 0.0274,Surprised: 0.0247,Fear: 0.0065,Disgust: 0.0215,Angry: 0.0440,Contempt: 0.1616","['Age 8-14', 'Age 15-24', 'Age 4-7']",0.31179999999999997,"['Neutral', 'Contempt', 'Happy']",0.4868
530c015f-eb2b-4fd4-baed-c81d712c997c,Female,Age 4-7,Neutral,"0.1254,0.8746","Age 0-3: 0.0335,Age 4-7: 0.4937,Age 8-14: 0.4043,Age 15-24: 0.0489,Age 25-37: 0.0156,Age 38-47: 0.0007,Age 48-59: 0.0009,Age 60-100: 0.0024","Neutral: 0.8598,Happy: 0.0085,Sad: 0.0274,Surprised: 0.0105,Fear: 0.0129,Disgust: 0.0102,Angry: 0.0136,Contempt: 0.0571","['Age 4-7', 'Age 8-14', 'Age 15-24']",0.08940000000000003,"['Neutral', 'Contempt', 'Sad']",0.8027
53ebc5ac-421a-4a40-a9d4-23082d1fd9f4,Female,Age 4-7,Neutral,"0.0241,0.9759","Age 0-3: 0.0766,Age 4-7: 0.5051,Age 8-14: 0.3572,Age 15-24: 0.0358,Age 25-37: 0.0200,Age 38-47: 0.0006,Age 48-59: 0.0010,Age 60-100: 0.0035","Neutral: 0.5771,Happy: 0.1158,Sad: 0.0229,Surprised: 0.2012,Fear: 0.0225,Disgust: 0.0099,Angry: 0.0080,Contempt: 0.0426","['Age 4-7', 'Age 8-14', 'Age 0-3']",0.14789999999999998,"['Neutral', 'Surprised', 'Happy']",0.37589999999999996
54cb7301-a775-4dee-9cbe-1a8bf533e38f,Male,Age 8-14,Neutral,"0.7654,0.2346","Age 0-3: 0.0042,Age 4-7: 0.2259,Age 8-14: 0.5991,Age 15-24: 0.1552,Age 25-37: 0.0144,Age 38-47: 0.0003,Age 48-59: 0.0004,Age 60-100: 0.0005","Neutral: 0.7913,Happy: 0.0271,Sad: 0.0252,Surprised: 0.0238,Fear: 0.0102,Disgust: 0.0141,Angry: 0.0291,Contempt: 0.0792","['Age 8-14', 'Age 4-7', 'Age 15-24']",0.3732,"['Neutral', 'Contempt', 'Angry']",0.7121
54e18bee-53e6-4de4-beda-9831e30118dc,Male,Age 8-14,Neutral,"0.5719,0.4281","Age 0-3: 0.0223,Age 4-7: 0.3145,Age 8-14: 0.4432,Age 15-24: 0.0905,Age 25-37: 0.1110,Age 38-47: 0.0064,Age 48-59: 0.0040,Age 60-100: 0.0081","Neutral: 0.5019,Happy: 0.0982,Sad: 0.0383,Surprised: 0.0978,Fear: 0.0411,Disgust: 0.0423,Angry: 0.0267,Contempt: 0.1536","['Age 8-14', 'Age 4-7', 'Age 25-37']",0.12869999999999998,"['Neutral', 'Contempt', 'Happy']",0.34830000000000005
55104724-b9f2-4e44-bf03-dc09f1b811f8,Male,Age 8-14,Neutral,"0.8859,0.1141","Age 0-3: 0.0001,Age 4-7: 0.1425,Age 8-14: 0.7717,Age 15-24: 0.0848,Age 25-37: 0.0009,Age 38-47: 0.0000,Age 48-59: 0.0000,Age 60-100: 0.0000","Neutral: 0.8051,Happy: 0.0505,Sad: 0.0065,Surprised: 0.0121,Fear: 0.0003,Disgust: 0.0092,Angry: 0.0187,Contempt: 0.0975","['Age 8-14', 'Age 4-7', 'Age 15-24']",0.6292000000000001,"['Neutral', 'Contempt', 'Happy']",0.7076
563714a3-50d9-4544-a2c8-f741e33e3191,Male,Age 8-14,Neutral,"0.9934,0.0066","Age 0-3: 0.0000,Age 4-7: 0.0258,Age 8-14: 0.9035,Age 15-24: 0.0669,Age 25-37: 0.0037,Age 38-47: 0.0001,Age 48-59: 0.0000,Age 60-100: 0.0000","Neutral: 0.9319,Happy: 0.0087,Sad: 0.0161,Surprised: 0.0108,Fear: 0.0017,Disgust: 0.0032,Angry: 0.0115,Contempt: 0.0161","['Age 8-14', 'Age 15-24', 'Age 4-7']",0.8366,"['Neutral', 'Sad', 'Contempt']",0.9158
564e7c9b-6536-4474-9df3-580dcaf47563,Male,Age 4-7,Neutral,"0.8864,0.1136","Age 0-3: 0.2904,Age 4-7: 0.5078,Age 8-14: 0.1616,Age 15-24: 0.0120,Age 25-37: 0.0120,Age 38-47: 0.0005,Age 48-59: 0.0019,Age 60-100: 0.0139","Neutral: 0.9004,Happy: 0.0276,Sad: 0.0157,Surprised: 0.0212,Fear: 0.0027,Disgust: 0.0034,Angry: 0.0043,Contempt: 0.0246","['Age 4-7', 'Age 0-3', 'Age 8-14']",0.21740000000000004,"['Neutral', 'Happy', 'Contempt']",0.8728
56761939-a2c9-45ef-a22d-6da900a051d3,Male,Age 8-14,Happy,"0.9987,0.0013","Age 0-3: 0.0000,Age 4-7: 0.0108,Age 8-14: 0.8936,Age 15-24: 0.0956,Age 25-37: 0.0001,Age 38-47: 0.0000,Age 48-59: 0.0000,Age 60-100: 0.0000","Neutral: 0.0209,Happy: 0.9699,Sad: 0.0001,Surprised: 0.0045,Fear: 0.0000,Disgust: 0.0004,Angry: 0.0010,Contempt: 0.0032","['Age 8-14', 'Age 15-24', 'Age 4-7']",0.7979999999999999,"['Happy', 'Neutral', 'Surprised']",0.949
573a7ccd-f87d-420d-8085-2c506a1421c6,Male,Age 4-7,Neutral,"0.9639,0.0361","Age 0-3: 0.0510,Age 4-7: 0.7314,Age 8-14: 0.2140,Age 15-24: 0.0034,Age 25-37: 0.0001,Age 38-47: 0.0000,Age 48-59: 0.0000,Age 60-100: 0.0001","Neutral: 0.5062,Happy: 0.0331,Sad: 0.0297,Surprised: 0.0114,Fear: 0.0064,Disgust: 0.0158,Angry: 0.0231,Contempt: 0.3744","['Age 4-7', 'Age 8-14', 'Age 0-3']",0.5174000000000001,"['Neutral', 'Contempt', 'Happy']",0.13179999999999997
5751fe7b-6495-40f3-a4c8-38ac69476ede,Male,Age 8-14,Neutral,"0.5836,0.4164","Age 0-3: 0.0028,Age 4-7: 0.1749,Age 8-14: 0.5463,Age 15-24: 0.2604,Age 25-37: 0.0139,Age 38-47: 0.0005,Age 48-59: 0.0006,Age 60-100: 0.0006","Neutral: 0.8244,Happy: 0.0349,Sad: 0.0237,Surprised: 0.0202,Fear: 0.0097,Disgust: 0.0103,Angry: 0.0111,Contempt: 0.0658","['Age 8-14', 'Age 15-24', 'Age 4-7']",0.2859,"['Neutral', 'Contempt', 'Happy']",0.7586
57d5f6f1-3474-4ff2-a543-0cf99616cc55,Male,Age 8-14,Neutral,"0.8633,0.1367","Age 0-3: 0.0001,Age 4-7: 0.4835,Age 8-14: 0.5141,Age 15-24: 0.0023,Age 25-37: 0.0000,Age 38-47: 0.0000,Age 48-59: 0.0000,Age 60-100: 0.0000","Neutral: 0.4081,Happy: 0.3828,Sad: 0.0186,Surprised: 0.0679,Fear: 0.0003,Disgust: 0.0038,Angry: 0.0862,Contempt: 0.0323","['Age 8-14', 'Age 4-7', 'Age 15-24']",0.030600000000000016,"['Neutral', 'Happy', 'Angry']",0.025300000000000045
592f98cd-48cd-48cb-b175-9ee05addee8c,Female,Age 8-14,Neutral,"0.0053,0.9947","Age 0-3: 0.0012,Age 4-7: 0.2264,Age 8-14: 0.6644,Age 15-24: 0.0923,Age 25-37: 0.0150,Age 38-47: 0.0002,Age 48-59: 0.0002,Age 60-100: 0.0003","Neutral: 0.5786,Happy: 0.0447,Sad: 0.0146,Surprised: 0.0185,Fear: 0.0075,Disgust: 0.0331,Angry: 0.0208,Contempt: 0.2822","['Age 8-14', 'Age 4-7', 'Age 15-24']",0.438,"['Neutral', 'Contempt', 'Happy']",0.2964
5a03b42e-7e25-40d4-bc2e-8d2fa42d4bc7,Female,Age 4-7,Neutral,"0.4607,0.5393","Age 0-3: 0.0069,Age 4-7: 0.4855,Age 8-14: 0.4753,Age 15-24: 0.0314,Age 25-37: 0.0008,Age 38-47: 0.0000,Age 48-59: 0.0000,Age 60-100: 0.0001","Neutral: 0.6178,Happy: 0.1183,Sad: 0.0226,Surprised: 0.1202,Fear: 0.0080,Disgust: 0.0184,Angry: 0.0277,Contempt: 0.0670","['Age 4-7', 'Age 8-14', 'Age 15-24']",0.010199999999999987,"['Neutral', 'Surprised', 'Happy']",0.49760000000000004
5a969537-f3a7-4d13-a1d5-c03f0123d37b,Male,Age 4-7,Neutral,"0.9974,0.0026","Age 0-3: 0.0017,Age 4-7: 0.7316,Age 8-14: 0.2652,Age 15-24: 0.0015,Age 25-37: 0.0000,Age 38-47: 0.0000,Age 48-59: 0.0000,Age 60-100: 0.0000","Neutral: 0.6900,Happy: 0.1464,Sad: 0.0055,Surprised: 0.0393,Fear: 0.0009,Disgust: 0.0125,Angry: 0.0269,Contempt: 0.0785","['Age 4-7', 'Age 8-14', 'Age 0-3']",0.46640000000000004,"['Neutral', 'Happy', 'Contempt']",0.5436
5ab58d73-c212-45ac-81fc-bba1fac50945,Male,Age 4-7,Contempt,"0.9858,0.0142","Age 0-3: 0.0008,Age 4-7: 0.7732,Age 8-14: 0.2251,Age 15-24: 0.0009,Age 25-37: 0.0000,Age 38-47: 0.0000,Age 48-59: 0.0000,Age 60-100: 0.0000","Neutral: 0.0237,Happy: 0.0006,Sad: 0.0001,Surprised: 0.0000,Fear: 0.0000,Disgust: 0.0001,Angry: 0.0026,Contempt: 0.9728","['Age 4-7', 'Age 8-14', 'Age 15-24']",0.5481,"['Contempt', 'Neutral', 'Angry']",0.9491
5bde535f-a7a5-46de-ad23-617b924becd6,Male,Age 4-7,Neutral,"0.9670,0.0330","Age 0-3: 0.0092,Age 4-7: 0.6953,Age 8-14: 0.2839,Age 15-24: 0.0093,Age 25-37: 0.0010,Age 38-47: 0.0000,Age 48-59: 0.0001,Age 60-100: 0.0013","Neutral: 0.9199,Happy: 0.0175,Sad: 0.0124,Surprised: 0.0098,Fear: 0.0018,Disgust: 0.0037,Angry: 0.0085,Contempt: 0.0265","['Age 4-7', 'Age 8-14', 'Age 15-24']",0.41140000000000004,"['Neutral', 'Contempt', 'Happy']",0.8934000000000001
6032af62-2a97-4ff6-8fdd-4a59faf0d56a,Male,Age 4-7,Neutral,"0.9961,0.0039","Age 0-3: 0.0014,Age 4-7: 0.5264,Age 8-14: 0.4576,Age 15-24: 0.0136,Age 25-37: 0.0009,Age 38-47: 0.0000,Age 48-59: 0.0000,Age 60-100: 0.0001","Neutral: 0.8111,Happy: 0.0597,Sad: 0.0079,Surprised: 0.0606,Fear: 0.0028,Disgust: 0.0072,Angry: 0.0028,Contempt: 0.0478","['Age 4-7', 'Age 8-14', 'Age 15-24']",0.06879999999999997,"['Neutral', 'Surprised', 'Happy']",0.7505000000000001
604405b7-7ec4-4911-9dc5-1511897f444c,Male,Age 4-7,Happy,"0.9516,0.0484","Age 0-3: 0.2832,Age 4-7: 0.5541,Age 8-14: 0.1527,Age 15-24: 0.0045,Age 25-37: 0.0027,Age 38-47: 0.0001,Age 48-59: 0.0002,Age 60-100: 0.0024","Neutral: 0.0693,Happy: 0.8531,Sad: 0.0008,Surprised: 0.0528,Fear: 0.0000,Disgust: 0.0036,Angry: 0.0033,Contempt: 0.0170","['Age 4-7', 'Age 0-3', 'Age 8-14']",0.27090000000000003,"['Happy', 'Neutral', 'Surprised']",0.7837999999999999
64e7e9bf-f98a-4390-974a-7d752883cf81,Male,Age 8-14,Angry,"0.9798,0.0202","Age 0-3: 0.0000,Age 4-7: 0.1238,Age 8-14: 0.8738,Age 15-24: 0.0024,Age 25-37: 0.0000,Age 38-47: 0.0000,Age 48-59: 0.0000,Age 60-100: 0.0000","Neutral: 0.0025,Happy: 0.0001,Sad: 0.0000,Surprised: 0.0000,Fear: 0.0000,Disgust: 0.0000,Angry: 0.9907,Contempt: 0.0067","['Age 8-14', 'Age 4-7', 'Age 15-24']",0.75,"['Angry', 'Contempt', 'Neutral']",0.984
679a96fd-01a7-4212-87ca-2566f58ee4ac,Male,Age 4-7,Neutral,"0.8317,0.1683","Age 0-3: 0.0050,Age 4-7: 0.7934,Age 8-14: 0.2002,Age 15-24: 0.0014,Age 25-37: 0.0000,Age 38-47: 0.0000,Age 48-59: 0.0000,Age 60-100: 0.0000","Neutral: 0.6949,Happy: 0.0382,Sad: 0.0135,Surprised: 0.0110,Fear: 0.0022,Disgust: 0.0105,Angry: 0.0137,Contempt: 0.2159","['Age 4-7', 'Age 8-14', 'Age 0-3']",0.5932,"['Neutral', 'Contempt', 'Happy']",0.479
695f9cba-9ecd-4d56-8e17-69e996f3ba5a,Female,Age 8-14,Neutral,"0.0099,0.9901","Age 0-3: 0.0000,Age 4-7: 0.0222,Age 8-14: 0.8349,Age 15-24: 0.1376,Age 25-37: 0.0052,Age 38-47: 0.0000,Age 48-59: 0.0000,Age 60-100: 0.0000","Neutral: 0.9651,Happy: 0.0045,Sad: 0.0065,Surprised: 0.0047,Fear: 0.0004,Disgust: 0.0049,Angry: 0.0061,Contempt: 0.0078","['Age 8-14', 'Age 15-24', 'Age 4-7']",0.6973,"['Neutral', 'Contempt', 'Sad']",0.9572999999999999
69b93631-2ff8-432e-813e-bcef22efafdd,Male,Age 8-14,Neutral,"0.9539,0.0461","Age 0-3: 0.0000,Age 4-7: 0.0864,Age 8-14: 0.8887,Age 15-24: 0.0248,Age 25-37: 0.0001,Age 38-47: 0.0000,Age 48-59: 0.0000,Age 60-100: 0.0000","Neutral: 0.6260,Happy: 0.0144,Sad: 0.2049,Surprised: 0.0088,Fear: 0.0065,Disgust: 0.0121,Angry: 0.0393,Contempt: 0.0879","['Age 8-14', 'Age 4-7', 'Age 15-24']",0.8023,"['Neutral', 'Sad', 'Contempt']",0.42110000000000003
6ab11691-ed52-4171-ab5e-9b3b8354c1f8,Male,Age 4-7,Neutral,"0.9661,0.0339","Age 0-3: 0.0077,Age 4-7: 0.5414,Age 8-14: 0.4295,Age 15-24: 0.0194,Age 25-37: 0.0017,Age 38-47: 0.0000,Age 48-59: 0.0000,Age 60-100: 0.0003","Neutral: 0.7488,Happy: 0.0842,Sad: 0.0153,Surprised: 0.0339,Fear: 0.0038,Disgust: 0.0104,Angry: 0.0285,Contempt: 0.0751","['Age 4-7', 'Age 8-14', 'Age 15-24']",0.1119,"['Neutral', 'Happy', 'Contempt']",0.6646000000000001
6b40d46c-1d41-4533-bda3-1fa3800d9d6b,Male,Age 8-14,Neutral,"0.9951,0.0049","Age 0-3: 0.0031,Age 4-7: 0.3006,Age 8-14: 0.6261,Age 15-24: 0.0544,Age 25-37: 0.0150,Age 38-47: 0.0003,Age 48-59: 0.0001,Age 60-100: 0.0005","Neutral: 0.9651,Happy: 0.0174,Sad: 0.0014,Surprised: 0.0125,Fear: 0.0000,Disgust: 0.0004,Angry: 0.0020,Contempt: 0.0011","['Age 8-14', 'Age 4-7', 'Age 15-24']",0.3255,"['Neutral', 'Happy', 'Surprised']",0.9477
6ba71ad0-b99e-472d-bfb5-d00fbe3ff1b9,Male,Age 8-14,Neutral,"0.9934,0.0066","Age 0-3: 0.0000,Age 4-7: 0.0258,Age 8-14: 0.9035,Age 15-24: 0.0669,Age 25-37: 0.0037,Age 38-47: 0.0001,Age 48-59: 0.0000,Age 60-100: 0.0000","Neutral: 0.9319,Happy: 0.0087,Sad: 0.0161,Surprised: 0.0108,Fear: 0.0017,Disgust: 0.0032,Angry: 0.0115,Contempt: 0.0161","['Age 8-14', 'Age 15-24', 'Age 4-7']",0.8366,"['Neutral', 'Sad', 'Contempt']",0.9158
6d0692aa-623b-4cc9-a9df-d1f4dd8cc13f,Female,Age 8-14,Neutral,"0.0424,0.9576","Age 0-3: 0.0148,Age 4-7: 0.2715,Age 8-14: 0.5120,Age 15-24: 0.1759,Age 25-37: 0.0230,Age 38-47: 0.0006,Age 48-59: 0.0011,Age 60-100: 0.0012","Neutral: 0.7080,Happy: 0.0233,Sad: 0.0600,Surprised: 0.0226,Fear: 0.0159,Disgust: 0.0127,Angry: 0.0148,Contempt: 0.1428","['Age 8-14', 'Age 4-7', 'Age 15-24']",0.2405,"['Neutral', 'Contempt', 'Sad']",0.5651999999999999
6db84b8d-b9e4-48c7-95d6-0b9bf355a523,Male,Age 4-7,Happy,"0.9228,0.0772","Age 0-3: 0.0013,Age 4-7: 0.6372,Age 8-14: 0.3575,Age 15-24: 0.0039,Age 25-37: 0.0001,Age 38-47: 0.0000,Age 48-59: 0.0000,Age 60-100: 0.0000","Neutral: 0.0348,Happy: 0.9348,Sad: 0.0001,Surprised: 0.0072,Fear: 0.0000,Disgust: 0.0006,Angry: 0.0039,Contempt: 0.0186","['Age 4-7', 'Age 8-14', 'Age 15-24']",0.2797,"['Happy', 'Neutral', 'Contempt']",0.8999999999999999
70372ef7-cc3f-4800-8195-5ed65245fd6f,Female,Age 8-14,Neutral,"0.0671,0.9329","Age 0-3: 0.0108,Age 4-7: 0.4146,Age 8-14: 0.4721,Age 15-24: 0.0952,Age 25-37: 0.0062,Age 38-47: 0.0001,Age 48-59: 0.0003,Age 60-100: 0.0007","Neutral: 0.7313,Happy: 0.0165,Sad: 0.0463,Surprised: 0.0133,Fear: 0.0103,Disgust: 0.0123,Angry: 0.0344,Contempt: 0.1354","['Age 8-14', 'Age 4-7', 'Age 15-24']",0.057499999999999996,"['Neutral', 'Contempt', 'Sad']",0.5959
7337762c-fc7a-4bc5-9e7a-7716824e95bd,Male,Age 8-14,Neutral,"0.9069,0.0931","Age 0-3: 0.0027,Age 4-7: 0.3785,Age 8-14: 0.5566,Age 15-24: 0.0603,Age 25-37: 0.0018,Age 38-47: 0.0000,Age 48-59: 0.0000,Age 60-100: 0.0001","Neutral: 0.8688,Happy: 0.0216,Sad: 0.0237,Surprised: 0.0174,Fear: 0.0110,Disgust: 0.0074,Angry: 0.0089,Contempt: 0.0411","['Age 8-14', 'Age 4-7', 'Age 15-24']",0.17809999999999998,"['Neutral', 'Contempt', 'Sad']",0.8277
735175ea-9086-4798-9bc2-31ed74e48d9b,Male,Age 4-7,Surprised,"0.8739,0.1261","Age 0-3: 0.0197,Age 4-7: 0.4783,Age 8-14: 0.4578,Age 15-24: 0.0342,Age 25-37: 0.0084,Age 38-47: 0.0001,Age 48-59: 0.0002,Age 60-100: 0.0013","Neutral: 0.0000,Happy: 0.0002,Sad: 0.0000,Surprised: 0.9998,Fear: 0.0000,Disgust: 0.0000,Angry: 0.0000,Contempt: 0.0000","['Age 4-7', 'Age 8-14', 'Age 15-24']",0.020500000000000018,"['Surprised', 'Happy', 'Sad']",0.9996
76727e61-720f-4c8b-8c72-c3f2f4248282,Male,Age 8-14,Happy,"0.7937,0.2063","Age 0-3: 0.0058,Age 4-7: 0.2335,Age 8-14: 0.5486,Age 15-24: 0.1784,Age 25-37: 0.0308,Age 38-47: 0.0008,Age 48-59: 0.0010,Age 60-100: 0.0010","Neutral: 0.2611,Happy: 0.4341,Sad: 0.0053,Surprised: 0.0376,Fear: 0.0004,Disgust: 0.0203,Angry: 0.0962,Contempt: 0.1449","['Age 8-14', 'Age 4-7', 'Age 15-24']",0.31509999999999994,"['Happy', 'Neutral', 'Contempt']",0.173
7791038f-9180-46d8-9329-cab8da32f908,Male,Age 4-7,Neutral,"0.6043,0.3957","Age 0-3: 0.0451,Age 4-7: 0.4776,Age 8-14: 0.4011,Age 15-24: 0.0562,Age 25-37: 0.0146,Age 38-47: 0.0006,Age 48-59: 0.0010,Age 60-100: 0.0039","Neutral: 0.7300,Happy: 0.0398,Sad: 0.0454,Surprised: 0.0315,Fear: 0.0228,Disgust: 0.0106,Angry: 0.0101,Contempt: 0.1097","['Age 4-7', 'Age 8-14', 'Age 15-24']",0.07650000000000001,"['Neutral', 'Contempt', 'Sad']",0.6203
799d3787-1f13-4172-a3af-16677b5ad50f,Male,Age 8-14,Neutral,"0.9998,0.0002","Age 0-3: 0.0000,Age 4-7: 0.0217,Age 8-14: 0.6422,Age 15-24: 0.3360,Age 25-37: 0.0000,Age 38-47: 0.0000,Age 48-59: 0.0000,Age 60-100: 0.0000","Neutral: 0.8847,Happy: 0.0423,Sad: 0.0028,Surprised: 0.0234,Fear: 0.0008,Disgust: 0.0053,Angry: 0.0022,Contempt: 0.0386","['Age 8-14', 'Age 15-24', 'Age 4-7']",0.30619999999999997,"['Neutral', 'Happy', 'Contempt']",0.8424
79a5b516-9964-4a31-aec2-216689a3bce4,Male,Age 8-14,Neutral,"0.5332,0.4668","Age 0-3: 0.0005,Age 4-7: 0.3328,Age 8-14: 0.6228,Age 15-24: 0.0432,Age 25-37: 0.0006,Age 38-47: 0.0000,Age 48-59: 0.0000,Age 60-100: 0.0000","Neutral: 0.6903,Happy: 0.0686,Sad: 0.0177,Surprised: 0.1138,Fear: 0.0070,Disgust: 0.0059,Angry: 0.0360,Contempt: 0.0607","['Age 8-14', 'Age 4-7', 'Age 15-24']",0.29000000000000004,"['Neutral', 'Surprised', 'Happy']",0.5765
79c38932-e943-4879-9ab9-0f17ed28e1b0,Female,Age 8-14,Neutral,"0.0001,0.9999","Age 0-3: 0.0000,Age 4-7: 0.0736,Age 8-14: 0.7820,Age 15-24: 0.1422,Age 25-37: 0.0021,Age 38-47: 0.0000,Age 48-59: 0.0000,Age 60-100: 0.0000","Neutral: 0.6943,Happy: 0.0871,Sad: 0.0110,Surprised: 0.0375,Fear: 0.0048,Disgust: 0.0339,Angry: 0.0122,Contempt: 0.1191","['Age 8-14', 'Age 15-24', 'Age 4-7']",0.6398,"['Neutral', 'Contempt', 'Happy']",0.5752
7bdd1e14-f68f-40b8-a049-6cfb24fa1cb1,Male,Age 8-14,Neutral,"0.9344,0.0656","Age 0-3: 0.0000,Age 4-7: 0.1907,Age 8-14: 0.7553,Age 15-24: 0.0538,Age 25-37: 0.0002,Age 38-47: 0.0000,Age 48-59: 0.0000,Age 60-100: 0.0000","Neutral: 0.6390,Happy: 0.0781,Sad: 0.0154,Surprised: 0.0160,Fear: 0.0014,Disgust: 0.0118,Angry: 0.1034,Contempt: 0.1349","['Age 8-14', 'Age 4-7', 'Age 15-24']",0.5646,"['Neutral', 'Contempt', 'Angry']",0.5041
7c8c7d8d-c749-49bd-9594-dcd64f508c29,Female,Age 8-14,Contempt,"0.0785,0.9215","Age 0-3: 0.0016,Age 4-7: 0.2099,Age 8-14: 0.6654,Age 15-24: 0.1196,Age 25-37: 0.0032,Age 38-47: 0.0001,Age 48-59: 0.0001,Age 60-100: 0.0001","Neutral: 0.2577,Happy: 0.0216,Sad: 0.0833,Surprised: 0.0081,Fear: 0.0066,Disgust: 0.0098,Angry: 0.1421,Contempt: 0.4708","['Age 8-14', 'Age 4-7', 'Age 15-24']",0.4555,"['Contempt', 'Neutral', 'Angry']",0.2131
7ce0aec7-5bae-44ca-8ab5-8601f3955ac9,Male,Age 8-14,Contempt,"0.9772,0.0228","Age 0-3: 0.0000,Age 4-7: 0.0023,Age 8-14: 0.9768,Age 15-24: 0.0208,Age 25-37: 0.0000,Age 38-47: 0.0000,Age 48-59: 0.0000,Age 60-100: 0.0000","Neutral: 0.2343,Happy: 0.0079,Sad: 0.0237,Surprised: 0.0024,Fear: 0.0047,Disgust: 0.0073,Angry: 0.0300,Contempt: 0.6896","['Age 8-14', 'Age 15-24', 'Age 4-7']",0.956,"['Contempt', 'Neutral', 'Angry']",0.4553
7e0cafe5-0c45-4429-a4c2-004be07e529b,Male,Age 4-7,Neutral,"0.8603,0.1397","Age 0-3: 0.0003,Age 4-7: 0.7221,Age 8-14: 0.2768,Age 15-24: 0.0008,Age 25-37: 0.0000,Age 38-47: 0.0000,Age 48-59: 0.0000,Age 60-100: 0.0000","Neutral: 0.4475,Happy: 0.1530,Sad: 0.0070,Surprised: 0.3632,Fear: 0.0053,Disgust: 0.0030,Angry: 0.0045,Contempt: 0.0166","['Age 4-7', 'Age 8-14', 'Age 15-24']",0.4453,"['Neutral', 'Surprised', 'Happy']",0.08429999999999999
7f1af298-1907-4342-89db-16be7b7579b1,Female,Age 8-14,Sad,"0.3022,0.6978","Age 0-3: 0.0000,Age 4-7: 0.2045,Age 8-14: 0.7835,Age 15-24: 0.0119,Age 25-37: 0.0000,Age 38-47: 0.0000,Age 48-59: 0.0000,Age 60-100: 0.0000","Neutral: 0.3123,Happy: 0.0069,Sad: 0.4730,Surprised: 0.0066,Fear: 0.0165,Disgust: 0.0047,Angry: 0.0976,Contempt: 0.0824","['Age 8-14', 'Age 4-7', 'Age 15-24']",0.579,"['Sad', 'Neutral', 'Angry']",0.16069999999999995
7fedfb96-8629-412b-989a-c7352556af8a,Male,Age 4-7,Neutral,"0.9422,0.0578","Age 0-3: 0.1525,Age 4-7: 0.6519,Age 8-14: 0.1933,Age 15-24: 0.0019,Age 25-37: 0.0002,Age 38-47: 0.0000,Age 48-59: 0.0000,Age 60-100: 0.0002","Neutral: 0.7544,Happy: 0.0417,Sad: 0.0460,Surprised: 0.0321,Fear: 0.0122,Disgust: 0.0112,Angry: 0.0299,Contempt: 0.0724","['Age 4-7', 'Age 8-14', 'Age 0-3']",0.4586,"['Neutral', 'Contempt', 'Sad']",0.6819999999999999
813a20ee-4434-43b5-92cf-c7e5f8859991,Male,Age 8-14,Surprised,"0.9581,0.0419","Age 0-3: 0.0001,Age 4-7: 0.1615,Age 8-14: 0.7586,Age 15-24: 0.0199,Age 25-37: 0.0595,Age 38-47: 0.0003,Age 48-59: 0.0000,Age 60-100: 0.0001","Neutral: 0.2601,Happy: 0.0515,Sad: 0.0049,Surprised: 0.6520,Fear: 0.0191,Disgust: 0.0029,Angry: 0.0025,Contempt: 0.0070","['Age 8-14', 'Age 4-7', 'Age 25-37']",0.5971000000000001,"['Surprised', 'Neutral', 'Happy']",0.3919
862032a3-64d9-41b6-9cbc-b9d4ef807ae8,Male,Age 4-7,Happy,"0.8868,0.1132","Age 0-3: 0.0053,Age 4-7: 0.5202,Age 8-14: 0.4597,Age 15-24: 0.0146,Age 25-37: 0.0002,Age 38-47: 0.0000,Age 48-59: 0.0000,Age 60-100: 0.0001","Neutral: 0.0055,Happy: 0.9936,Sad: 0.0000,Surprised: 0.0007,Fear: 0.0000,Disgust: 0.0000,Angry: 0.0000,Contempt: 0.0002","['Age 4-7', 'Age 8-14', 'Age 15-24']",0.0605,"['Happy', 'Neutral', 'Surprised']",0.9881000000000001
877fda1a-8a18-4c6f-af8f-5cdc200f32ab,Male,Age 8-14,Neutral,"0.9894,0.0106","Age 0-3: 0.0000,Age 4-7: 0.0342,Age 8-14: 0.9612,Age 15-24: 0.0038,Age 25-37: 0.0008,Age 38-47: 0.0000,Age 48-59: 0.0000,Age 60-100: 0.0000","Neutral: 0.5303,Happy: 0.2638,Sad: 0.0033,Surprised: 0.0205,Fear: 0.0000,Disgust: 0.0106,Angry: 0.0812,Contempt: 0.0902","['Age 8-14', 'Age 4-7', 'Age 15-24']",0.927,"['Neutral', 'Happy', 'Contempt']",0.2665
89cf0b03-eacb-4a82-9a34-d84e21a7f9d8,Male,Age 4-7,Neutral,"0.8566,0.1434","Age 0-3: 0.0004,Age 4-7: 0.9552,Age 8-14: 0.0444,Age 15-24: 0.0000,Age 25-37: 0.0000,Age 38-47: 0.0000,Age 48-59: 0.0000,Age 60-100: 0.0000","Neutral: 0.9426,Happy: 0.0048,Sad: 0.0264,Surprised: 0.0043,Fear: 0.0008,Disgust: 0.0014,Angry: 0.0118,Contempt: 0.0079","['Age 4-7', 'Age 8-14', 'Age 0-3']",0.9108,"['Neutral', 'Sad', 'Angry']",0.9162
8a015b8d-3a5b-41c8-9096-209572a9f04a,Male,Age 8-14,Neutral,"0.9894,0.0106","Age 0-3: 0.0004,Age 4-7: 0.3450,Age 8-14: 0.6094,Age 15-24: 0.0448,Age 25-37: 0.0003,Age 38-47: 0.0000,Age 48-59: 0.0000,Age 60-100: 0.0000","Neutral: 0.8057,Happy: 0.0667,Sad: 0.0098,Surprised: 0.0173,Fear: 0.0016,Disgust: 0.0101,Angry: 0.0300,Contempt: 0.0588","['Age 8-14', 'Age 4-7', 'Age 15-24']",0.2644000000000001,"['Neutral', 'Happy', 'Contempt']",0.739
8a02372e-cf4d-44d5-baa2-77dff772bc6a,Male,Age 8-14,Neutral,"0.9670,0.0330","Age 0-3: 0.0000,Age 4-7: 0.0021,Age 8-14: 0.9971,Age 15-24: 0.0008,Age 25-37: 0.0000,Age 38-47: 0.0000,Age 48-59: 0.0000,Age 60-100: 0.0000","Neutral: 0.7018,Happy: 0.0201,Sad: 0.0253,Surprised: 0.0068,Fear: 0.0014,Disgust: 0.0033,Angry: 0.1248,Contempt: 0.1164","['Age 8-14', 'Age 4-7', 'Age 15-24']",0.995,"['Neutral', 'Angry', 'Contempt']",0.577
8a34c4ee-dac2-409e-87fa-9f28a9c5d10d,Male,Age 4-7,Surprised,"0.7126,0.2874","Age 0-3: 0.0863,Age 4-7: 0.6633,Age 8-14: 0.2350,Age 15-24: 0.0099,Age 25-37: 0.0037,Age 38-47: 0.0001,Age 48-59: 0.0002,Age 60-100: 0.0015","Neutral: 0.2336,Happy: 0.0507,Sad: 0.0030,Surprised: 0.7011,Fear: 0.0068,Disgust: 0.0007,Angry: 0.0007,Contempt: 0.0034","['Age 4-7', 'Age 8-14', 'Age 0-3']",0.4283,"['Surprised', 'Neutral', 'Happy']",0.4674999999999999
8f050121-cb49-421f-abff-9f924141204c,Female,Age 4-7,Neutral,"0.0201,0.9799","Age 0-3: 0.0221,Age 4-7: 0.6306,Age 8-14: 0.3235,Age 15-24: 0.0193,Age 25-37: 0.0023,Age 38-47: 0.0002,Age 48-59: 0.0002,Age 60-100: 0.0018","Neutral: 0.9191,Happy: 0.0227,Sad: 0.0039,Surprised: 0.0309,Fear: 0.0017,Disgust: 0.0040,Angry: 0.0025,Contempt: 0.0152","['Age 4-7', 'Age 8-14', 'Age 0-3']",0.30710000000000004,"['Neutral', 'Surprised', 'Happy']",0.8882
91e28089-3a5c-46b2-8bab-75f29ceb6d0b,Male,Age 8-14,Neutral,"0.9934,0.0066","Age 0-3: 0.0000,Age 4-7: 0.0258,Age 8-14: 0.9035,Age 15-24: 0.0669,Age 25-37: 0.0037,Age 38-47: 0.0001,Age 48-59: 0.0000,Age 60-100: 0.0000","Neutral: 0.9319,Happy: 0.0087,Sad: 0.0161,Surprised: 0.0108,Fear: 0.0017,Disgust: 0.0032,Angry: 0.0115,Contempt: 0.0161","['Age 8-14', 'Age 15-24', 'Age 4-7']",0.8366,"['Neutral', 'Sad', 'Contempt']",0.9158
92b955c2-5d49-4b2d-a6e1-7253f895fabe,Female,Age 4-7,Neutral,"0.0519,0.9481","Age 0-3: 0.0019,Age 4-7: 0.5463,Age 8-14: 0.4451,Age 15-24: 0.0063,Age 25-37: 0.0004,Age 38-47: 0.0000,Age 48-59: 0.0000,Age 60-100: 0.0001","Neutral: 0.8376,Happy: 0.0569,Sad: 0.0132,Surprised: 0.0386,Fear: 0.0018,Disgust: 0.0046,Angry: 0.0173,Contempt: 0.0300","['Age 4-7', 'Age 8-14', 'Age 15-24']",0.10120000000000001,"['Neutral', 'Happy', 'Surprised']",0.7807000000000001
92bfc066-6338-4aa6-9b03-439d87a0d2f2,Female,Age 4-7,Neutral,"0.0906,0.9094","Age 0-3: 0.0013,Age 4-7: 0.5315,Age 8-14: 0.4535,Age 15-24: 0.0132,Age 25-37: 0.0005,Age 38-47: 0.0000,Age 48-59: 0.0000,Age 60-100: 0.0001","Neutral: 0.7447,Happy: 0.0750,Sad: 0.0060,Surprised: 0.1178,Fear: 0.0022,Disgust: 0.0062,Angry: 0.0065,Contempt: 0.0416","['Age 4-7', 'Age 8-14', 'Age 15-24']",0.07799999999999996,"['Neutral', 'Surprised', 'Happy']",0.6269
92c13ded-593b-4d07-8449-d2420bece381,Male,Age 8-14,Neutral,"0.9930,0.0070","Age 0-3: 0.0000,Age 4-7: 0.0002,Age 8-14: 0.9998,Age 15-24: 0.0000,Age 25-37: 0.0000,Age 38-47: 0.0000,Age 48-59: 0.0000,Age 60-100: 0.0000","Neutral: 0.9758,Happy: 0.0055,Sad: 0.0005,Surprised: 0.0042,Fear: 0.0000,Disgust: 0.0051,Angry: 0.0064,Contempt: 0.0024","['Age 8-14', 'Age 4-7', 'Age 60-100']",0.9996,"['Neutral', 'Angry', 'Happy']",0.9694
93a5b56d-6c31-437a-8d1a-199e02d5b0be,Male,Age 8-14,Angry,"0.9288,0.0712","Age 0-3: 0.0000,Age 4-7: 0.0284,Age 8-14: 0.8979,Age 15-24: 0.0729,Age 25-37: 0.0008,Age 38-47: 0.0000,Age 48-59: 0.0000,Age 60-100: 0.0000","Neutral: 0.1525,Happy: 0.0193,Sad: 0.0248,Surprised: 0.0031,Fear: 0.0005,Disgust: 0.0102,Angry: 0.4850,Contempt: 0.3045","['Age 8-14', 'Age 15-24', 'Age 4-7']",0.8250000000000001,"['Angry', 'Contempt', 'Neutral']",0.1805
9729b2f1-deaf-4d0c-8c1a-699a8010d651,Female,Age 8-14,Happy,"0.2756,0.7244","Age 0-3: 0.0000,Age 4-7: 0.0942,Age 8-14: 0.9056,Age 15-24: 0.0002,Age 25-37: 0.0000,Age 38-47: 0.0000,Age 48-59: 0.0000,Age 60-100: 0.0000","Neutral: 0.0069,Happy: 0.9071,Sad: 0.0000,Surprised: 0.0791,Fear: 0.0000,Disgust: 0.0037,Angry: 0.0004,Contempt: 0.0028","['Age 8-14', 'Age 4-7', 'Age 15-24']",0.8113999999999999,"['Happy', 'Surprised', 'Neutral']",0.8280000000000001
973398d6-8f42-45c1-a786-8d559282c993,Male,Age 8-14,Happy,"0.8618,0.1382","Age 0-3: 0.0049,Age 4-7: 0.1896,Age 8-14: 0.6777,Age 15-24: 0.0886,Age 25-37: 0.0331,Age 38-47: 0.0026,Age 48-59: 0.0015,Age 60-100: 0.0020","Neutral: 0.3275,Happy: 0.4047,Sad: 0.0540,Surprised: 0.0615,Fear: 0.0016,Disgust: 0.0548,Angry: 0.0255,Contempt: 0.0704","['Age 8-14', 'Age 4-7', 'Age 15-24']",0.4881,"['Happy', 'Neutral', 'Contempt']",0.07719999999999999
97515c9d-7b79-49e6-b480-7dd8a66b6ac4,Male,Age 8-14,Neutral,"0.9719,0.0281","Age 0-3: 0.0051,Age 4-7: 0.2614,Age 8-14: 0.6012,Age 15-24: 0.1199,Age 25-37: 0.0106,Age 38-47: 0.0005,Age 48-59: 0.0006,Age 60-100: 0.0008","Neutral: 0.7174,Happy: 0.1091,Sad: 0.0075,Surprised: 0.0608,Fear: 0.0020,Disgust: 0.0121,Angry: 0.0308,Contempt: 0.0604","['Age 8-14', 'Age 4-7', 'Age 15-24']",0.33979999999999994,"['Neutral', 'Happy', 'Surprised']",0.6083000000000001
990bab52-dba0-4e1f-9e3d-e04b93abdaac,Male,Age 8-14,Happy,"0.9906,0.0094","Age 0-3: 0.0000,Age 4-7: 0.0042,Age 8-14: 0.9910,Age 15-24: 0.0048,Age 25-37: 0.0000,Age 38-47: 0.0000,Age 48-59: 0.0000,Age 60-100: 0.0000","Neutral: 0.0001,Happy: 0.9999,Sad: 0.0000,Surprised: 0.0000,Fear: 0.0000,Disgust: 0.0000,Angry: 0.0000,Contempt: 0.0000","['Age 8-14', 'Age 15-24', 'Age 4-7']",0.9862,"['Happy', 'Neutral', 'Surprised']",0.9998
9964a03a-b79c-4102-99f1-3815d9d28d02,Male,Age 8-14,Neutral,"0.7431,0.2569","Age 0-3: 0.0001,Age 4-7: 0.1771,Age 8-14: 0.8082,Age 15-24: 0.0136,Age 25-37: 0.0010,Age 38-47: 0.0000,Age 48-59: 0.0000,Age 60-100: 0.0000","Neutral: 0.9999,Happy: 0.0001,Sad: 0.0000,Surprised: 0.0000,Fear: 0.0000,Disgust: 0.0000,Angry: 0.0000,Contempt: 0.0000","['Age 8-14', 'Age 4-7', 'Age 15-24']",0.6311,"['Neutral', 'Happy', 'Surprised']",0.9998
9970aaf3-af3b-4e85-a5fc-24fa184c9cb4,Female,Age 8-14,Happy,"0.0366,0.9634","Age 0-3: 0.0018,Age 4-7: 0.2512,Age 8-14: 0.6517,Age 15-24: 0.0882,Age 25-37: 0.0063,Age 38-47: 0.0002,Age 48-59: 0.0001,Age 60-100: 0.0004","Neutral: 0.1705,Happy: 0.6273,Sad: 0.0032,Surprised: 0.1798,Fear: 0.0003,Disgust: 0.0024,Angry: 0.0032,Contempt: 0.0132","['Age 8-14', 'Age 4-7', 'Age 15-24']",0.40049999999999997,"['Happy', 'Surprised', 'Neutral']",0.4475
9d75abe2-4460-401b-830d-9d6049269636,Female,Age 4-7,Happy,"0.0026,0.9974","Age 0-3: 0.0006,Age 4-7: 0.6898,Age 8-14: 0.3072,Age 15-24: 0.0023,Age 25-37: 0.0001,Age 38-47: 0.0000,Age 48-59: 0.0000,Age 60-100: 0.0000","Neutral: 0.0451,Happy: 0.9415,Sad: 0.0001,Surprised: 0.0096,Fear: 0.0000,Disgust: 0.0001,Angry: 0.0005,Contempt: 0.0031","['Age 4-7', 'Age 8-14', 'Age 15-24']",0.3826,"['Happy', 'Neutral', 'Surprised']",0.8964
a3643d9d-9401-4ca4-a82a-cb8bddc66b43,Female,Age 8-14,Neutral,"0.0037,0.9963","Age 0-3: 0.0002,Age 4-7: 0.2085,Age 8-14: 0.7654,Age 15-24: 0.0194,Age 25-37: 0.0063,Age 38-47: 0.0001,Age 48-59: 0.0000,Age 60-100: 0.0001","Neutral: 0.9556,Happy: 0.0039,Sad: 0.0018,Surprised: 0.0140,Fear: 0.0002,Disgust: 0.0041,Angry: 0.0164,Contempt: 0.0039","['Age 8-14', 'Age 4-7', 'Age 15-24']",0.5569,"['Neutral', 'Angry', 'Surprised']",0.9392
a6dd78dc-e279-43e6-9280-d961682d7ba8,Male,Age 8-14,Contempt,"1.0000,0.0000","Age 0-3: 0.0000,Age 4-7: 0.0000,Age 8-14: 1.0000,Age 15-24: 0.0000,Age 25-37: 0.0000,Age 38-47: 0.0000,Age 48-59: 0.0000,Age 60-100: 0.0000","Neutral: 0.0119,Happy: 0.0006,Sad: 0.0000,Surprised: 0.0000,Fear: 0.0000,Disgust: 0.0008,Angry: 0.0005,Contempt: 0.9862","['Age 8-14', 'Age 60-100', 'Age 48-59']",1.0,"['Contempt', 'Neutral', 'Disgust']",0.9742999999999999
a6ff931a-201b-4e14-9ef0-c52b9843a3d7,Female,Age 4-7,Neutral,"0.1523,0.8477","Age 0-3: 0.0112,Age 4-7: 0.4698,Age 8-14: 0.4565,Age 15-24: 0.0572,Age 25-37: 0.0045,Age 38-47: 0.0001,Age 48-59: 0.0002,Age 60-100: 0.0005","Neutral: 0.6237,Happy: 0.1232,Sad: 0.0137,Surprised: 0.0759,Fear: 0.0142,Disgust: 0.0181,Angry: 0.0160,Contempt: 0.1153","['Age 4-7', 'Age 8-14', 'Age 15-24']",0.013299999999999979,"['Neutral', 'Happy', 'Contempt']",0.5005000000000001
a7c1bf1f-b17a-4963-aa0c-81b89accb314,Male,Age 4-7,Neutral,"0.6671,0.3329","Age 0-3: 0.0258,Age 4-7: 0.5483,Age 8-14: 0.4013,Age 15-24: 0.0209,Age 25-37: 0.0032,Age 38-47: 0.0000,Age 48-59: 0.0000,Age 60-100: 0.0004","Neutral: 0.4644,Happy: 0.1330,Sad: 0.0174,Surprised: 0.2858,Fear: 0.0175,Disgust: 0.0106,Angry: 0.0113,Contempt: 0.0598","['Age 4-7', 'Age 8-14', 'Age 0-3']",0.14700000000000002,"['Neutral', 'Surprised', 'Happy']",0.17859999999999998
a7c6baae-d37c-4e3a-b608-9bbbb081764e,Female,Age 8-14,Neutral,"0.0006,0.9994","Age 0-3: 0.0000,Age 4-7: 0.1838,Age 8-14: 0.8154,Age 15-24: 0.0008,Age 25-37: 0.0000,Age 38-47: 0.0000,Age 48-59: 0.0000,Age 60-100: 0.0000","Neutral: 0.8131,Happy: 0.1008,Sad: 0.0031,Surprised: 0.0370,Fear: 0.0002,Disgust: 0.0051,Angry: 0.0168,Contempt: 0.0240","['Age 8-14', 'Age 4-7', 'Age 15-24']",0.6316,"['Neutral', 'Happy', 'Surprised']",0.7123
a7e52fb3-f04a-47bc-9f2c-3024cddd49b2,Female,Age 8-14,Happy,"0.2433,0.7567","Age 0-3: 0.0007,Age 4-7: 0.1391,Age 8-14: 0.7437,Age 15-24: 0.1032,Age 25-37: 0.0125,Age 38-47: 0.0004,Age 48-59: 0.0002,Age 60-100: 0.0003","Neutral: 0.3131,Happy: 0.4927,Sad: 0.0054,Surprised: 0.0391,Fear: 0.0003,Disgust: 0.0084,Angry: 0.0157,Contempt: 0.1252","['Age 8-14', 'Age 4-7', 'Age 15-24']",0.6046,"['Happy', 'Neutral', 'Contempt']",0.17960000000000004
a7f454d7-1459-489b-969e-c8c43127f027,Female,Age 8-14,Neutral,"0.0287,0.9713","Age 0-3: 0.0039,Age 4-7: 0.4410,Age 8-14: 0.5162,Age 15-24: 0.0349,Age 25-37: 0.0035,Age 38-47: 0.0001,Age 48-59: 0.0001,Age 60-100: 0.0004","Neutral: 0.4583,Happy: 0.1334,Sad: 0.0105,Surprised: 0.3343,Fear: 0.0164,Disgust: 0.0058,Angry: 0.0042,Contempt: 0.0372","['Age 8-14', 'Age 4-7', 'Age 15-24']",0.07519999999999999,"['Neutral', 'Surprised', 'Happy']",0.124
a83ddf28-15bc-42b3-bfa5-cdcda516fe97,Male,Age 8-14,Neutral,"0.9998,0.0002","Age 0-3: 0.0000,Age 4-7: 0.3947,Age 8-14: 0.6032,Age 15-24: 0.0021,Age 25-37: 0.0000,Age 38-47: 0.0000,Age 48-59: 0.0000,Age 60-100: 0.0000","Neutral: 0.6786,Happy: 0.1566,Sad: 0.0034,Surprised: 0.0091,Fear: 0.0000,Disgust: 0.0036,Angry: 0.0615,Contempt: 0.0872","['Age 8-14', 'Age 4-7', 'Age 15-24']",0.20849999999999996,"['Neutral', 'Happy', 'Contempt']",0.522
a85e137d-6d67-4abd-8f42-5809db1a5c56,Male,Age 8-14,Neutral,"0.9934,0.0066","Age 0-3: 0.0000,Age 4-7: 0.0258,Age 8-14: 0.9035,Age 15-24: 0.0669,Age 25-37: 0.0037,Age 38-47: 0.0001,Age 48-59: 0.0000,Age 60-100: 0.0000","Neutral: 0.9319,Happy: 0.0087,Sad: 0.0161,Surprised: 0.0108,Fear: 0.0017,Disgust: 0.0032,Angry: 0.0115,Contempt: 0.0161","['Age 8-14', 'Age 15-24', 'Age 4-7']",0.8366,"['Neutral', 'Sad', 'Contempt']",0.9158
a9d663f0-2d20-42e1-8d6b-4ca9f0cc35fc,Male,Age 4-7,Contempt,"0.9586,0.0414","Age 0-3: 0.0009,Age 4-7: 0.4975,Age 8-14: 0.4941,Age 15-24: 0.0073,Age 25-37: 0.0002,Age 38-47: 0.0000,Age 48-59: 0.0000,Age 60-100: 0.0000","Neutral: 0.1132,Happy: 0.0035,Sad: 0.0057,Surprised: 0.0006,Fear: 0.0005,Disgust: 0.0030,Angry: 0.0116,Contempt: 0.8619","['Age 4-7', 'Age 8-14', 'Age 15-24']",0.003400000000000014,"['Contempt', 'Neutral', 'Angry']",0.7487
aa381ae1-b9ca-4475-8a33-ed0438e4a379,Female,Age 8-14,Happy,"0.2269,0.7731","Age 0-3: 0.0002,Age 4-7: 0.1388,Age 8-14: 0.7852,Age 15-24: 0.0749,Age 25-37: 0.0008,Age 38-47: 0.0000,Age 48-59: 0.0000,Age 60-100: 0.0000","Neutral: 0.3431,Happy: 0.5464,Sad: 0.0012,Surprised: 0.0585,Fear: 0.0001,Disgust: 0.0026,Angry: 0.0122,Contempt: 0.0360","['Age 8-14', 'Age 4-7', 'Age 15-24']",0.6464,"['Happy', 'Neutral', 'Surprised']",0.20329999999999998
aad2ae3e-ec1b-446a-a724-201b49aea904,Male,Age 8-14,Neutral,"0.9711,0.0289","Age 0-3: 0.0003,Age 4-7: 0.2074,Age 8-14: 0.6922,Age 15-24: 0.0991,Age 25-37: 0.0009,Age 38-47: 0.0000,Age 48-59: 0.0000,Age 60-100: 0.0000","Neutral: 0.7552,Happy: 0.0495,Sad: 0.0178,Surprised: 0.0245,Fear: 0.0059,Disgust: 0.0226,Angry: 0.0572,Contempt: 0.0672","['Age 8-14', 'Age 4-7', 'Age 15-24']",0.4848,"['Neutral', 'Contempt', 'Angry']",0.688
ac1a5fc6-a671-4592-9b21-f89db69420b8,Male,Age 4-7,Neutral,"0.9288,0.0712","Age 0-3: 0.0041,Age 4-7: 0.7270,Age 8-14: 0.2637,Age 15-24: 0.0051,Age 25-37: 0.0001,Age 38-47: 0.0000,Age 48-59: 0.0000,Age 60-100: 0.0000","Neutral: 0.8288,Happy: 0.0222,Sad: 0.0155,Surprised: 0.0328,Fear: 0.0174,Disgust: 0.0132,Angry: 0.0154,Contempt: 0.0547","['Age 4-7', 'Age 8-14', 'Age 15-24']",0.4633,"['Neutral', 'Contempt', 'Surprised']",0.7741
ac73b4a0-5f76-4915-a9eb-102c10c59922,Female,Age 8-14,Neutral,"0.0090,0.9910","Age 0-3: 0.0000,Age 4-7: 0.2417,Age 8-14: 0.7471,Age 15-24: 0.0112,Age 25-37: 0.0000,Age 38-47: 0.0000,Age 48-59: 0.0000,Age 60-100: 0.0000","Neutral: 0.3160,Happy: 0.2549,Sad: 0.0127,Surprised: 0.0349,Fear: 0.0001,Disgust: 0.0047,Angry: 0.2943,Contempt: 0.0825","['Age 8-14', 'Age 4-7', 'Age 15-24']",0.5054,"['Neutral', 'Angry', 'Happy']",0.021699999999999997
ad357382-e7fc-4228-b72d-d6d535a0920b,Male,Age 8-14,Neutral,"1.0000,0.0000","Age 0-3: 0.0002,Age 4-7: 0.3770,Age 8-14: 0.6068,Age 15-24: 0.0158,Age 25-37: 0.0002,Age 38-47: 0.0000,Age 48-59: 0.0000,Age 60-100: 0.0000","Neutral: 0.7429,Happy: 0.0428,Sad: 0.0062,Surprised: 0.0065,Fear: 0.0004,Disgust: 0.0033,Angry: 0.0320,Contempt: 0.1659","['Age 8-14', 'Age 4-7', 'Age 15-24']",0.2298,"['Neutral', 'Contempt', 'Happy']",0.577
ad57808c-4d3d-4e6c-9ac3-d53e87ea708d,Female,Age 4-7,Neutral,"0.1695,0.8305","Age 0-3: 0.0019,Age 4-7: 0.8023,Age 8-14: 0.1950,Age 15-24: 0.0007,Age 25-37: 0.0001,Age 38-47: 0.0000,Age 48-59: 0.0000,Age 60-100: 0.0000","Neutral: 0.6216,Happy: 0.0742,Sad: 0.0160,Surprised: 0.2055,Fear: 0.0297,Disgust: 0.0102,Angry: 0.0035,Contempt: 0.0393","['Age 4-7', 'Age 8-14', 'Age 0-3']",0.6073,"['Neutral', 'Surprised', 'Happy']",0.4161
ae0a10cd-4c25-454e-92ac-218c75b65c4b,Female,Age 8-14,Neutral,"0.2103,0.7897","Age 0-3: 0.0042,Age 4-7: 0.2295,Age 8-14: 0.6394,Age 15-24: 0.0869,Age 25-37: 0.0348,Age 38-47: 0.0022,Age 48-59: 0.0009,Age 60-100: 0.0021","Neutral: 0.3812,Happy: 0.2058,Sad: 0.0156,Surprised: 0.0288,Fear: 0.0011,Disgust: 0.0298,Angry: 0.0503,Contempt: 0.2873","['Age 8-14', 'Age 4-7', 'Age 15-24']",0.40989999999999993,"['Neutral', 'Contempt', 'Happy']",0.09389999999999998
af3a8f59-f649-493a-b400-d0db15288223,Male,Age 4-7,Neutral,"0.9948,0.0052","Age 0-3: 0.0011,Age 4-7: 0.5902,Age 8-14: 0.3974,Age 15-24: 0.0112,Age 25-37: 0.0001,Age 38-47: 0.0000,Age 48-59: 0.0000,Age 60-100: 0.0000","Neutral: 0.5657,Happy: 0.2568,Sad: 0.0036,Surprised: 0.0321,Fear: 0.0002,Disgust: 0.0108,Angry: 0.0264,Contempt: 0.1044","['Age 4-7', 'Age 8-14', 'Age 15-24']",0.19279999999999997,"['Neutral', 'Happy', 'Contempt']",0.3089
b14b625a-08b4-4490-8943-267c5bcd95b3,Male,Age 8-14,Neutral,"0.7074,0.2926","Age 0-3: 0.0039,Age 4-7: 0.2530,Age 8-14: 0.6349,Age 15-24: 0.0799,Age 25-37: 0.0233,Age 38-47: 0.0021,Age 48-59: 0.0009,Age 60-100: 0.0020","Neutral: 0.9173,Happy: 0.0101,Sad: 0.0260,Surprised: 0.0080,Fear: 0.0025,Disgust: 0.0021,Angry: 0.0074,Contempt: 0.0267","['Age 8-14', 'Age 4-7', 'Age 15-24']",0.3819,"['Neutral', 'Contempt', 'Sad']",0.8906000000000001
b238e48f-4d67-4217-b404-c4c20cc69883,Female,Age 4-7,Neutral,"0.4225,0.5775","Age 0-3: 0.0136,Age 4-7: 0.6264,Age 8-14: 0.3441,Age 15-24: 0.0148,Age 25-37: 0.0010,Age 38-47: 0.0000,Age 48-59: 0.0000,Age 60-100: 0.0002","Neutral: 0.6101,Happy: 0.1318,Sad: 0.0163,Surprised: 0.0599,Fear: 0.0077,Disgust: 0.0184,Angry: 0.0170,Contempt: 0.1389","['Age 4-7', 'Age 8-14', 'Age 15-24']",0.28229999999999994,"['Neutral', 'Contempt', 'Happy']",0.47119999999999995
b2ba58b4-f9d7-436b-816a-d4ec47ad55c8,Male,Age 4-7,Neutral,"0.8659,0.1341","Age 0-3: 0.0036,Age 4-7: 0.6581,Age 8-14: 0.3348,Age 15-24: 0.0026,Age 25-37: 0.0005,Age 38-47: 0.0000,Age 48-59: 0.0000,Age 60-100: 0.0003","Neutral: 0.8154,Happy: 0.0667,Sad: 0.0101,Surprised: 0.0317,Fear: 0.0026,Disgust: 0.0150,Angry: 0.0126,Contempt: 0.0459","['Age 4-7', 'Age 8-14', 'Age 0-3']",0.32330000000000003,"['Neutral', 'Happy', 'Contempt']",0.7487
b3a8d3a8-8ad8-46f7-bdd1-b4a618c484be,Male,Age 8-14,Neutral,"0.6331,0.3669","Age 0-3: 0.0059,Age 4-7: 0.2272,Age 8-14: 0.5703,Age 15-24: 0.1636,Age 25-37: 0.0292,Age 38-47: 0.0011,Age 48-59: 0.0012,Age 60-100: 0.0016","Neutral: 0.5061,Happy: 0.0604,Sad: 0.0465,Surprised: 0.0607,Fear: 0.0618,Disgust: 0.0443,Angry: 0.0249,Contempt: 0.1954","['Age 8-14', 'Age 4-7', 'Age 15-24']",0.3431,"['Neutral', 'Contempt', 'Fear']",0.3107
b41fcb33-6e5d-4de4-a816-ba3a2135a1a4,Male,Age 4-7,Contempt,"0.9426,0.0574","Age 0-3: 0.0144,Age 4-7: 0.5963,Age 8-14: 0.3751,Age 15-24: 0.0129,Age 25-37: 0.0010,Age 38-47: 0.0000,Age 48-59: 0.0000,Age 60-100: 0.0002","Neutral: 0.2264,Happy: 0.0147,Sad: 0.0303,Surprised: 0.0027,Fear: 0.0023,Disgust: 0.0079,Angry: 0.0267,Contempt: 0.6889","['Age 4-7', 'Age 8-14', 'Age 0-3']",0.22120000000000006,"['Contempt', 'Neutral', 'Sad']",0.46249999999999997
b5872dd3-05f2-4bd0-8ced-ec206a35649f,Male,Age 8-14,Neutral,"0.9970,0.0030","Age 0-3: 0.0003,Age 4-7: 0.1426,Age 8-14: 0.7619,Age 15-24: 0.0944,Age 25-37: 0.0008,Age 38-47: 0.0000,Age 48-59: 0.0000,Age 60-100: 0.0000","Neutral: 0.6216,Happy: 0.2240,Sad: 0.0076,Surprised: 0.0443,Fear: 0.0005,Disgust: 0.0060,Angry: 0.0417,Contempt: 0.0542","['Age 8-14', 'Age 4-7', 'Age 15-24']",0.6193,"['Neutral', 'Happy', 'Contempt']",0.39760000000000006
b6d077c8-717b-4d41-ad8b-2222e9941dca,Male,Age 8-14,Neutral,"1.0000,0.0000","Age 0-3: 0.0000,Age 4-7: 0.0000,Age 8-14: 1.0000,Age 15-24: 0.0000,Age 25-37: 0.0000,Age 38-47: 0.0000,Age 48-59: 0.0000,Age 60-100: 0.0000","Neutral: 0.8100,Happy: 0.0250,Sad: 0.0009,Surprised: 0.0017,Fear: 0.0000,Disgust: 0.0009,Angry: 0.1426,Contempt: 0.0189","['Age 8-14', 'Age 60-100', 'Age 48-59']",1.0,"['Neutral', 'Angry', 'Happy']",0.6674
b7331f8f-6af5-48f0-b60a-78df67bfe62e,Female,Age 8-14,Neutral,"0.1412,0.8588","Age 0-3: 0.0000,Age 4-7: 0.0237,Age 8-14: 0.9066,Age 15-24: 0.0696,Age 25-37: 0.0001,Age 38-47: 0.0000,Age 48-59: 0.0000,Age 60-100: 0.0000","Neutral: 0.3816,Happy: 0.0164,Sad: 0.0300,Surprised: 0.1511,Fear: 0.0037,Disgust: 0.0081,Angry: 0.3602,Contempt: 0.0489","['Age 8-14', 'Age 15-24', 'Age 4-7']",0.837,"['Neutral', 'Angry', 'Surprised']",0.021399999999999975
b8b13ad5-061e-4c4b-9778-765b9e3b0b4b,Male,Age 4-7,Neutral,"0.9997,0.0003","Age 0-3: 0.0247,Age 4-7: 0.8997,Age 8-14: 0.0754,Age 15-24: 0.0001,Age 25-37: 0.0000,Age 38-47: 0.0000,Age 48-59: 0.0000,Age 60-100: 0.0000","Neutral: 0.7000,Happy: 0.0979,Sad: 0.0084,Surprised: 0.0447,Fear: 0.0042,Disgust: 0.0073,Angry: 0.0072,Contempt: 0.1302","['Age 4-7', 'Age 8-14', 'Age 0-3']",0.8243,"['Neutral', 'Contempt', 'Happy']",0.5698
b8ebf308-49be-4782-87f1-622939d66a50,Male,Age 4-7,Neutral,"0.9687,0.0313","Age 0-3: 0.0102,Age 4-7: 0.8323,Age 8-14: 0.1569,Age 15-24: 0.0006,Age 25-37: 0.0000,Age 38-47: 0.0000,Age 48-59: 0.0000,Age 60-100: 0.0000","Neutral: 0.8569,Happy: 0.0132,Sad: 0.0260,Surprised: 0.0109,Fear: 0.0033,Disgust: 0.0055,Angry: 0.0141,Contempt: 0.0702","['Age 4-7', 'Age 8-14', 'Age 0-3']",0.6754,"['Neutral', 'Contempt', 'Sad']",0.7867
b9461675-5bf3-4370-a8c5-385c66748721,Male,Age 8-14,Neutral,"0.9905,0.0095","Age 0-3: 0.0002,Age 4-7: 0.1463,Age 8-14: 0.7205,Age 15-24: 0.1281,Age 25-37: 0.0046,Age 38-47: 0.0001,Age 48-59: 0.0001,Age 60-100: 0.0000","Neutral: 0.6825,Happy: 0.2305,Sad: 0.0004,Surprised: 0.0717,Fear: 0.0000,Disgust: 0.0005,Angry: 0.0074,Contempt: 0.0069","['Age 8-14', 'Age 4-7', 'Age 15-24']",0.5742,"['Neutral', 'Happy', 'Surprised']",0.45199999999999996
b9e9726d-a7c9-42cb-a8f6-802de9fd78aa,Female,Age 8-14,Neutral,"0.4950,0.5050","Age 0-3: 0.0011,Age 4-7: 0.0542,Age 8-14: 0.3832,Age 15-24: 0.1715,Age 25-37: 0.3715,Age 38-47: 0.0134,Age 48-59: 0.0032,Age 60-100: 0.0019","Neutral: 0.3166,Happy: 0.3092,Sad: 0.0046,Surprised: 0.2247,Fear: 0.0041,Disgust: 0.0197,Angry: 0.0208,Contempt: 0.1004","['Age 8-14', 'Age 25-37', 'Age 15-24']",0.011699999999999988,"['Neutral', 'Happy', 'Surprised']",0.007400000000000018
bb359e05-a8c3-46a7-a084-c16107d66f49,Male,Age 8-14,Neutral,"0.9999,0.0001","Age 0-3: 0.0000,Age 4-7: 0.2004,Age 8-14: 0.7739,Age 15-24: 0.0257,Age 25-37: 0.0000,Age 38-47: 0.0000,Age 48-59: 0.0000,Age 60-100: 0.0000","Neutral: 0.5426,Happy: 0.2381,Sad: 0.0003,Surprised: 0.0028,Fear: 0.0000,Disgust: 0.0012,Angry: 0.1682,Contempt: 0.0469","['Age 8-14', 'Age 4-7', 'Age 15-24']",0.5735,"['Neutral', 'Happy', 'Angry']",0.3045
bc5201b6-3cbf-4887-bbbb-2b57de1e47fc,Male,Age 4-7,Neutral,"0.9972,0.0028","Age 0-3: 0.0026,Age 4-7: 0.8848,Age 8-14: 0.1124,Age 15-24: 0.0002,Age 25-37: 0.0000,Age 38-47: 0.0000,Age 48-59: 0.0000,Age 60-100: 0.0000","Neutral: 0.5888,Happy: 0.1172,Sad: 0.0092,Surprised: 0.0150,Fear: 0.0002,Disgust: 0.0044,Angry: 0.1915,Contempt: 0.0737","['Age 4-7', 'Age 8-14', 'Age 0-3']",0.7724,"['Neutral', 'Angry', 'Happy']",0.3973
bc64b023-81f7-4251-b5b9-58ab0e2f857d,Female,Age 4-7,Neutral,"0.0099,0.9901","Age 0-3: 0.0000,Age 4-7: 0.9720,Age 8-14: 0.0280,Age 15-24: 0.0000,Age 25-37: 0.0000,Age 38-47: 0.0000,Age 48-59: 0.0000,Age 60-100: 0.0000","Neutral: 0.9505,Happy: 0.0074,Sad: 0.0048,Surprised: 0.0189,Fear: 0.0005,Disgust: 0.0029,Angry: 0.0087,Contempt: 0.0063","['Age 4-7', 'Age 8-14', 'Age 60-100']",0.944,"['Neutral', 'Surprised', 'Angry']",0.9316
bd4da124-6936-42cd-8df6-599ef854eeff,Male,Age 8-14,Neutral,"0.7430,0.2570","Age 0-3: 0.0001,Age 4-7: 0.0498,Age 8-14: 0.7523,Age 15-24: 0.1955,Age 25-37: 0.0022,Age 38-47: 0.0001,Age 48-59: 0.0000,Age 60-100: 0.0000","Neutral: 0.7833,Happy: 0.0277,Sad: 0.0087,Surprised: 0.0037,Fear: 0.0001,Disgust: 0.0015,Angry: 0.0103,Contempt: 0.1647","['Age 8-14', 'Age 15-24', 'Age 4-7']",0.5568,"['Neutral', 'Contempt', 'Happy']",0.6186
bfee9ea3-ae2b-49ab-875b-478bbbdd8274,Female,Age 8-14,Neutral,"0.0046,0.9954","Age 0-3: 0.0013,Age 4-7: 0.1587,Age 8-14: 0.6366,Age 15-24: 0.1936,Age 25-37: 0.0090,Age 38-47: 0.0002,Age 48-59: 0.0002,Age 60-100: 0.0003","Neutral: 0.8026,Happy: 0.0249,Sad: 0.0451,Surprised: 0.0306,Fear: 0.0206,Disgust: 0.0164,Angry: 0.0175,Contempt: 0.0424","['Age 8-14', 'Age 15-24', 'Age 4-7']",0.44300000000000006,"['Neutral', 'Sad', 'Contempt']",0.7575
c218e890-a5fd-4758-a090-4b112d61b511,Male,Age 8-14,Neutral,"0.9842,0.0158","Age 0-3: 0.0008,Age 4-7: 0.2367,Age 8-14: 0.7433,Age 15-24: 0.0185,Age 25-37: 0.0005,Age 38-47: 0.0000,Age 48-59: 0.0000,Age 60-100: 0.0001","Neutral: 0.8033,Happy: 0.0701,Sad: 0.0088,Surprised: 0.0059,Fear: 0.0002,Disgust: 0.0027,Angry: 0.0480,Contempt: 0.0610","['Age 8-14', 'Age 4-7', 'Age 15-24']",0.5065999999999999,"['Neutral', 'Happy', 'Contempt']",0.7332000000000001
c34337fb-1261-40dc-b5c7-a9a3216b3e00,Male,Age 8-14,Neutral,"0.8832,0.1168","Age 0-3: 0.0087,Age 4-7: 0.3956,Age 8-14: 0.5141,Age 15-24: 0.0719,Age 25-37: 0.0090,Age 38-47: 0.0002,Age 48-59: 0.0002,Age 60-100: 0.0004","Neutral: 0.7833,Happy: 0.1714,Sad: 0.0001,Surprised: 0.0049,Fear: 0.0000,Disgust: 0.0011,Angry: 0.0155,Contempt: 0.0238","['Age 8-14', 'Age 4-7', 'Age 15-24']",0.1185,"['Neutral', 'Happy', 'Contempt']",0.6119
c3d7673f-ba54-4cf2-a1e9-80a53e180a3b,Male,Age 4-7,Neutral,"0.9164,0.0836","Age 0-3: 0.0285,Age 4-7: 0.6229,Age 8-14: 0.3360,Age 15-24: 0.0114,Age 25-37: 0.0008,Age 38-47: 0.0000,Age 48-59: 0.0000,Age 60-100: 0.0003","Neutral: 0.4086,Happy: 0.1685,Sad: 0.0045,Surprised: 0.3860,Fear: 0.0064,Disgust: 0.0045,Angry: 0.0029,Contempt: 0.0186","['Age 4-7', 'Age 8-14', 'Age 0-3']",0.2869,"['Neutral', 'Surprised', 'Happy']",0.02260000000000001
c659fb92-8bc6-4840-a1f6-4422a9a23c49,Male,Age 4-7,Neutral,"0.9947,0.0053","Age 0-3: 0.0001,Age 4-7: 0.9174,Age 8-14: 0.0825,Age 15-24: 0.0000,Age 25-37: 0.0000,Age 38-47: 0.0000,Age 48-59: 0.0000,Age 60-100: 0.0000","Neutral: 0.8953,Happy: 0.0211,Sad: 0.0103,Surprised: 0.0276,Fear: 0.0045,Disgust: 0.0057,Angry: 0.0056,Contempt: 0.0298","['Age 4-7', 'Age 8-14', 'Age 0-3']",0.8349,"['Neutral', 'Contempt', 'Surprised']",0.8654999999999999
c686fcf7-1b96-4e7d-aff6-1693696c867e,Male,Age 8-14,Neutral,"0.8647,0.1353","Age 0-3: 0.0000,Age 4-7: 0.0379,Age 8-14: 0.9000,Age 15-24: 0.0615,Age 25-37: 0.0006,Age 38-47: 0.0000,Age 48-59: 0.0000,Age 60-100: 0.0000","Neutral: 0.6293,Happy: 0.0192,Sad: 0.0479,Surprised: 0.0187,Fear: 0.0190,Disgust: 0.0274,Angry: 0.0451,Contempt: 0.1935","['Age 8-14', 'Age 15-24', 'Age 4-7']",0.8385,"['Neutral', 'Contempt', 'Sad']",0.43579999999999997
c69c0da6-14d4-45d4-97b7-44e48af2d997,Male,Age 8-14,Neutral,"0.6864,0.3136","Age 0-3: 0.0090,Age 4-7: 0.2711,Age 8-14: 0.5885,Age 15-24: 0.1247,Age 25-37: 0.0057,Age 38-47: 0.0001,Age 48-59: 0.0004,Age 60-100: 0.0005","Neutral: 0.5314,Happy: 0.1529,Sad: 0.0209,Surprised: 0.1142,Fear: 0.0066,Disgust: 0.0123,Angry: 0.0307,Contempt: 0.1309","['Age 8-14', 'Age 4-7', 'Age 15-24']",0.3174,"['Neutral', 'Happy', 'Contempt']",0.37849999999999995
c6b05840-e70b-42f1-a459-a70a41e91ee1,Female,Age 8-14,Surprised,"0.0702,0.9298","Age 0-3: 0.0061,Age 4-7: 0.2827,Age 8-14: 0.6204,Age 15-24: 0.0752,Age 25-37: 0.0126,Age 38-47: 0.0010,Age 48-59: 0.0006,Age 60-100: 0.0013","Neutral: 0.2682,Happy: 0.2911,Sad: 0.0061,Surprised: 0.3763,Fear: 0.0041,Disgust: 0.0119,Angry: 0.0122,Contempt: 0.0302","['Age 8-14', 'Age 4-7', 'Age 15-24']",0.33769999999999994,"['Surprised', 'Happy', 'Neutral']",0.0852
c6ecaf42-cd88-48c9-8df8-53a8f46561c0,Male,Age 8-14,Neutral,"0.9867,0.0133","Age 0-3: 0.0000,Age 4-7: 0.1044,Age 8-14: 0.8402,Age 15-24: 0.0527,Age 25-37: 0.0027,Age 38-47: 0.0000,Age 48-59: 0.0000,Age 60-100: 0.0000","Neutral: 0.7557,Happy: 0.0860,Sad: 0.0082,Surprised: 0.0230,Fear: 0.0012,Disgust: 0.0182,Angry: 0.0412,Contempt: 0.0665","['Age 8-14', 'Age 4-7', 'Age 15-24']",0.7357999999999999,"['Neutral', 'Happy', 'Contempt']",0.6697000000000001
c877d40a-4aaf-43dc-8d9e-338f206a0e06,Male,Age 8-14,Contempt,"0.9772,0.0228","Age 0-3: 0.0000,Age 4-7: 0.0023,Age 8-14: 0.9768,Age 15-24: 0.0208,Age 25-37: 0.0000,Age 38-47: 0.0000,Age 48-59: 0.0000,Age 60-100: 0.0000","Neutral: 0.2343,Happy: 0.0079,Sad: 0.0237,Surprised: 0.0024,Fear: 0.0047,Disgust: 0.0073,Angry: 0.0300,Contempt: 0.6896","['Age 8-14', 'Age 15-24', 'Age 4-7']",0.956,"['Contempt', 'Neutral', 'Angry']",0.4553
c9d1f9e8-07b4-404c-be60-3adf3bf5956c,Female,Age 8-14,Contempt,"0.1817,0.8183","Age 0-3: 0.0002,Age 4-7: 0.0749,Age 8-14: 0.6671,Age 15-24: 0.2515,Age 25-37: 0.0058,Age 38-47: 0.0002,Age 48-59: 0.0001,Age 60-100: 0.0001","Neutral: 0.3052,Happy: 0.0292,Sad: 0.0224,Surprised: 0.0101,Fear: 0.0102,Disgust: 0.0253,Angry: 0.0155,Contempt: 0.5821","['Age 8-14', 'Age 15-24', 'Age 4-7']",0.4156,"['Contempt', 'Neutral', 'Happy']",0.2768999999999999
cb80ba56-e904-45ad-870f-569cd150c4ec,Male,Age 8-14,Neutral,"0.7452,0.2548","Age 0-3: 0.0003,Age 4-7: 0.0296,Age 8-14: 0.4736,Age 15-24: 0.3442,Age 25-37: 0.1413,Age 38-47: 0.0084,Age 48-59: 0.0020,Age 60-100: 0.0006","Neutral: 0.8199,Happy: 0.0549,Sad: 0.0060,Surprised: 0.0212,Fear: 0.0020,Disgust: 0.0076,Angry: 0.0074,Contempt: 0.0811","['Age 8-14', 'Age 15-24', 'Age 25-37']",0.12940000000000002,"['Neutral', 'Contempt', 'Happy']",0.7387999999999999
cc94a224-af5d-4fe3-8a22-458eb870d10c,Male,Age 8-14,Neutral,"0.9995,0.0006","Age 0-3: 0.0004,Age 4-7: 0.0918,Age 8-14: 0.5128,Age 15-24: 0.3893,Age 25-37: 0.0054,Age 38-47: 0.0001,Age 48-59: 0.0001,Age 60-100: 0.0000","Neutral: 0.6503,Happy: 0.2485,Sad: 0.0045,Surprised: 0.0201,Fear: 0.0002,Disgust: 0.0058,Angry: 0.0132,Contempt: 0.0576","['Age 8-14', 'Age 15-24', 'Age 4-7']",0.12350000000000005,"['Neutral', 'Happy', 'Contempt']",0.4018
cd6b36c2-5ce6-4c27-9114-e6e372722e11,Male,Age 8-14,Neutral,"0.9458,0.0542","Age 0-3: 0.0000,Age 4-7: 0.1847,Age 8-14: 0.7797,Age 15-24: 0.0355,Age 25-37: 0.0001,Age 38-47: 0.0000,Age 48-59: 0.0000,Age 60-100: 0.0000","Neutral: 0.9085,Happy: 0.0224,Sad: 0.0044,Surprised: 0.0178,Fear: 0.0007,Disgust: 0.0041,Angry: 0.0029,Contempt: 0.0391","['Age 8-14', 'Age 4-7', 'Age 15-24']",0.595,"['Neutral', 'Contempt', 'Happy']",0.8694
cf9f90ad-e8bf-4663-a226-502967f81b1c,Female,Age 8-14,Neutral,"0.3731,0.6269","Age 0-3: 0.0001,Age 4-7: 0.0232,Age 8-14: 0.4729,Age 15-24: 0.4605,Age 25-37: 0.0421,Age 38-47: 0.0007,Age 48-59: 0.0004,Age 60-100: 0.0001","Neutral: 0.4833,Happy: 0.0256,Sad: 0.0594,Surprised: 0.0095,Fear: 0.0065,Disgust: 0.0206,Angry: 0.0508,Contempt: 0.3444","['Age 8-14', 'Age 15-24', 'Age 25-37']",0.012399999999999967,"['Neutral', 'Contempt', 'Sad']",0.13890000000000002
cfa7abcb-ead5-493a-b964-553e26573786,Male,Age 4-7,Neutral,"0.8942,0.1058","Age 0-3: 0.0074,Age 4-7: 0.5593,Age 8-14: 0.4185,Age 15-24: 0.0131,Age 25-37: 0.0014,Age 38-47: 0.0001,Age 48-59: 0.0000,Age 60-100: 0.0003","Neutral: 0.8239,Happy: 0.0197,Sad: 0.0325,Surprised: 0.0146,Fear: 0.0086,Disgust: 0.0064,Angry: 0.0173,Contempt: 0.0770","['Age 4-7', 'Age 8-14', 'Age 15-24']",0.14080000000000004,"['Neutral', 'Contempt', 'Sad']",0.7469
cfc1982e-9e51-4ea3-be39-8f67ac5ca405,Male,Age 8-14,Neutral,"0.8832,0.1168","Age 0-3: 0.0103,Age 4-7: 0.2563,Age 8-14: 0.5125,Age 15-24: 0.1644,Age 25-37: 0.0488,Age 38-47: 0.0026,Age 48-59: 0.0016,Age 60-100: 0.0035","Neutral: 0.7681,Happy: 0.0175,Sad: 0.0506,Surprised: 0.0101,Fear: 0.0085,Disgust: 0.0126,Angry: 0.0403,Contempt: 0.0923","['Age 8-14', 'Age 4-7', 'Age 15-24']",0.2562,"['Neutral', 'Contempt', 'Sad']",0.6758
d0671d8f-ca47-47b4-b9cb-d5c9baa3516d,Female,Age 8-14,Neutral,"0.0015,0.9985","Age 0-3: 0.0022,Age 4-7: 0.3230,Age 8-14: 0.5557,Age 15-24: 0.0403,Age 25-37: 0.0763,Age 38-47: 0.0011,Age 48-59: 0.0004,Age 60-100: 0.0010","Neutral: 0.5676,Happy: 0.1092,Sad: 0.0210,Surprised: 0.1415,Fear: 0.0281,Disgust: 0.0227,Angry: 0.0229,Contempt: 0.0870","['Age 8-14', 'Age 4-7', 'Age 25-37']",0.23269999999999996,"['Neutral', 'Surprised', 'Happy']",0.42610000000000003
d1b1e08a-3e3b-4726-aa58-41041dcd45aa,Female,Age 8-14,Contempt,"0.1739,0.8261","Age 0-3: 0.0009,Age 4-7: 0.0497,Age 8-14: 0.4233,Age 15-24: 0.2690,Age 25-37: 0.2436,Age 38-47: 0.0085,Age 48-59: 0.0038,Age 60-100: 0.0012","Neutral: 0.0878,Happy: 0.1620,Sad: 0.0030,Surprised: 0.0629,Fear: 0.0017,Disgust: 0.0287,Angry: 0.0214,Contempt: 0.6326","['Age 8-14', 'Age 15-24', 'Age 25-37']",0.1543,"['Contempt', 'Happy', 'Neutral']",0.4706
d1b5a58b-d067-4dad-941d-e500eebcfa4e,Male,Age 8-14,Neutral,"1.0000,0.0000","Age 0-3: 0.0003,Age 4-7: 0.4817,Age 8-14: 0.5114,Age 15-24: 0.0064,Age 25-37: 0.0002,Age 38-47: 0.0000,Age 48-59: 0.0000,Age 60-100: 0.0000","Neutral: 0.6747,Happy: 0.0636,Sad: 0.0050,Surprised: 0.0073,Fear: 0.0001,Disgust: 0.0080,Angry: 0.1738,Contempt: 0.0674","['Age 8-14', 'Age 4-7', 'Age 15-24']",0.02969999999999995,"['Neutral', 'Angry', 'Contempt']",0.5008999999999999
d1cc80b4-256d-4b18-a20e-6cc048d93d2d,Female,Age 8-14,Neutral,"0.1940,0.8060","Age 0-3: 0.0078,Age 4-7: 0.4699,Age 8-14: 0.4795,Age 15-24: 0.0382,Age 25-37: 0.0039,Age 38-47: 0.0001,Age 48-59: 0.0001,Age 60-100: 0.0004","Neutral: 0.7440,Happy: 0.0436,Sad: 0.0432,Surprised: 0.0655,Fear: 0.0334,Disgust: 0.0150,Angry: 0.0088,Contempt: 0.0465","['Age 8-14', 'Age 4-7', 'Age 15-24']",0.009599999999999997,"['Neutral', 'Surprised', 'Contempt']",0.6785
d241b741-36c5-448c-bd39-94e73b96dac5,Female,Age 8-14,Neutral,"0.2948,0.7052","Age 0-3: 0.0004,Age 4-7: 0.0909,Age 8-14: 0.7485,Age 15-24: 0.1425,Age 25-37: 0.0164,Age 38-47: 0.0008,Age 48-59: 0.0002,Age 60-100: 0.0003","Neutral: 0.7203,Happy: 0.0260,Sad: 0.0577,Surprised: 0.0154,Fear: 0.0129,Disgust: 0.0117,Angry: 0.0191,Contempt: 0.1370","['Age 8-14', 'Age 15-24', 'Age 4-7']",0.6060000000000001,"['Neutral', 'Contempt', 'Sad']",0.5833
d26c0a00-a4ba-4258-bb33-0f130f05cbe1,Male,Age 8-14,Neutral,"0.9934,0.0066","Age 0-3: 0.0000,Age 4-7: 0.0258,Age 8-14: 0.9035,Age 15-24: 0.0669,Age 25-37: 0.0037,Age 38-47: 0.0001,Age 48-59: 0.0000,Age 60-100: 0.0000","Neutral: 0.9319,Happy: 0.0087,Sad: 0.0161,Surprised: 0.0108,Fear: 0.0017,Disgust: 0.0032,Angry: 0.0115,Contempt: 0.0161","['Age 8-14', 'Age 15-24', 'Age 4-7']",0.8366,"['Neutral', 'Sad', 'Contempt']",0.9158
d2860b07-6953-4f9c-99b6-16736598b865,Female,Age 8-14,Neutral,"0.1286,0.8714","Age 0-3: 0.0000,Age 4-7: 0.1007,Age 8-14: 0.7292,Age 15-24: 0.1686,Age 25-37: 0.0015,Age 38-47: 0.0000,Age 48-59: 0.0000,Age 60-100: 0.0000","Neutral: 0.5075,Happy: 0.1656,Sad: 0.0185,Surprised: 0.0903,Fear: 0.0118,Disgust: 0.0463,Angry: 0.0391,Contempt: 0.1208","['Age 8-14', 'Age 15-24', 'Age 4-7']",0.5606,"['Neutral', 'Happy', 'Contempt']",0.3419
d3ef8fad-cbdc-4bf9-b5a6-b17d361700c2,Female,Age 8-14,Neutral,"0.0427,0.9573","Age 0-3: 0.0012,Age 4-7: 0.4333,Age 8-14: 0.5504,Age 15-24: 0.0142,Age 25-37: 0.0008,Age 38-47: 0.0000,Age 48-59: 0.0000,Age 60-100: 0.0001","Neutral: 0.6351,Happy: 0.0417,Sad: 0.0144,Surprised: 0.0082,Fear: 0.0010,Disgust: 0.0043,Angry: 0.0072,Contempt: 0.2881","['Age 8-14', 'Age 4-7', 'Age 15-24']",0.11709999999999998,"['Neutral', 'Contempt', 'Happy']",0.347
d4c3b603-59a1-48bd-a711-912aa92cb319,Male,Age 8-14,Contempt,"0.5735,0.4265","Age 0-3: 0.0027,Age 4-7: 0.2421,Age 8-14: 0.6773,Age 15-24: 0.0687,Age 25-37: 0.0080,Age 38-47: 0.0004,Age 48-59: 0.0002,Age 60-100: 0.0005","Neutral: 0.3072,Happy: 0.0477,Sad: 0.0128,Surprised: 0.0063,Fear: 0.0012,Disgust: 0.0065,Angry: 0.0185,Contempt: 0.5999","['Age 8-14', 'Age 4-7', 'Age 15-24']",0.43520000000000003,"['Contempt', 'Neutral', 'Happy']",0.2927
d5ac9a60-f3b5-4949-9508-f6f75e2651a7,Female,Age 4-7,Surprised,"0.0026,0.9974","Age 0-3: 0.0001,Age 4-7: 0.5751,Age 8-14: 0.4237,Age 15-24: 0.0011,Age 25-37: 0.0000,Age 38-47: 0.0000,Age 48-59: 0.0000,Age 60-100: 0.0000","Neutral: 0.3394,Happy: 0.1592,Sad: 0.0045,Surprised: 0.4621,Fear: 0.0086,Disgust: 0.0077,Angry: 0.0047,Contempt: 0.0139","['Age 4-7', 'Age 8-14', 'Age 15-24']",0.15139999999999992,"['Surprised', 'Neutral', 'Happy']",0.12270000000000003
d5b76586-6705-4640-bb4b-0e1ed66780f3,Male,Age 8-14,Neutral,"0.9934,0.0066","Age 0-3: 0.0000,Age 4-7: 0.0258,Age 8-14: 0.9035,Age 15-24: 0.0669,Age 25-37: 0.0037,Age 38-47: 0.0001,Age 48-59: 0.0000,Age 60-100: 0.0000","Neutral: 0.9319,Happy: 0.0087,Sad: 0.0161,Surprised: 0.0108,Fear: 0.0017,Disgust: 0.0032,Angry: 0.0115,Contempt: 0.0161","['Age 8-14', 'Age 15-24', 'Age 4-7']",0.8366,"['Neutral', 'Sad', 'Contempt']",0.9158
d69774fc-b45f-446f-9ae8-966903f385c5,Female,Age 8-14,Neutral,"0.0338,0.9662","Age 0-3: 0.0013,Age 4-7: 0.0672,Age 8-14: 0.5949,Age 15-24: 0.2625,Age 25-37: 0.0695,Age 38-47: 0.0023,Age 48-59: 0.0015,Age 60-100: 0.0008","Neutral: 0.3764,Happy: 0.3131,Sad: 0.0273,Surprised: 0.1893,Fear: 0.0032,Disgust: 0.0191,Angry: 0.0160,Contempt: 0.0558","['Age 8-14', 'Age 15-24', 'Age 25-37']",0.3324,"['Neutral', 'Happy', 'Surprised']",0.06330000000000002
d8fcc225-f5d4-41d6-a13d-dbd0c1d4c188,Female,Age 8-14,Neutral,"0.1479,0.8521","Age 0-3: 0.0002,Age 4-7: 0.2949,Age 8-14: 0.7011,Age 15-24: 0.0033,Age 25-37: 0.0005,Age 38-47: 0.0000,Age 48-59: 0.0000,Age 60-100: 0.0000","Neutral: 0.5960,Happy: 0.2035,Sad: 0.0782,Surprised: 0.0183,Fear: 0.0005,Disgust: 0.0334,Angry: 0.0165,Contempt: 0.0536","['Age 8-14', 'Age 4-7', 'Age 15-24']",0.40619999999999995,"['Neutral', 'Happy', 'Sad']",0.39249999999999996
da460b5b-ee93-49d2-9022-337fe7b891a0,Female,Age 8-14,Neutral,"0.0018,0.9982","Age 0-3: 0.0000,Age 4-7: 0.0721,Age 8-14: 0.8111,Age 15-24: 0.0844,Age 25-37: 0.0320,Age 38-47: 0.0003,Age 48-59: 0.0000,Age 60-100: 0.0000","Neutral: 0.6582,Happy: 0.0372,Sad: 0.0109,Surprised: 0.0118,Fear: 0.0017,Disgust: 0.0279,Angry: 0.0138,Contempt: 0.2385","['Age 8-14', 'Age 15-24', 'Age 4-7']",0.7267,"['Neutral', 'Contempt', 'Happy']",0.4197
dab3c0f0-d2d2-4024-9999-77cd215f2f56,Male,Age 8-14,Neutral,"0.8968,0.1032","Age 0-3: 0.0000,Age 4-7: 0.1383,Age 8-14: 0.8193,Age 15-24: 0.0423,Age 25-37: 0.0000,Age 38-47: 0.0000,Age 48-59: 0.0000,Age 60-100: 0.0000","Neutral: 0.9266,Happy: 0.0315,Sad: 0.0041,Surprised: 0.0060,Fear: 0.0001,Disgust: 0.0012,Angry: 0.0171,Contempt: 0.0133","['Age 8-14', 'Age 4-7', 'Age 15-24']",0.681,"['Neutral', 'Happy', 'Angry']",0.8951
dd105947-b640-4886-aa02-db4dd5413eed,Female,Age 4-7,Neutral,"0.2589,0.7411","Age 0-3: 0.0106,Age 4-7: 0.4938,Age 8-14: 0.4610,Age 15-24: 0.0308,Age 25-37: 0.0028,Age 38-47: 0.0001,Age 48-59: 0.0001,Age 60-100: 0.0007","Neutral: 0.6645,Happy: 0.1049,Sad: 0.0173,Surprised: 0.1220,Fear: 0.0144,Disgust: 0.0110,Angry: 0.0118,Contempt: 0.0542","['Age 4-7', 'Age 8-14', 'Age 15-24']",0.032799999999999996,"['Neutral', 'Surprised', 'Happy']",0.5425
dd5c06d6-c2f4-4742-9093-70d37cb8479b,Male,Age 4-7,Neutral,"0.9178,0.0822","Age 0-3: 0.0002,Age 4-7: 0.7206,Age 8-14: 0.2785,Age 15-24: 0.0006,Age 25-37: 0.0000,Age 38-47: 0.0000,Age 48-59: 0.0000,Age 60-100: 0.0000","Neutral: 0.7935,Happy: 0.0501,Sad: 0.0271,Surprised: 0.0600,Fear: 0.0102,Disgust: 0.0090,Angry: 0.0088,Contempt: 0.0413","['Age 4-7', 'Age 8-14', 'Age 15-24']",0.4421,"['Neutral', 'Surprised', 'Happy']",0.7335
ddbccc08-bf8a-4e58-9860-e593a04f1113,Male,Age 4-7,Neutral,"0.9269,0.0731","Age 0-3: 0.0021,Age 4-7: 0.5613,Age 8-14: 0.4189,Age 15-24: 0.0171,Age 25-37: 0.0005,Age 38-47: 0.0000,Age 48-59: 0.0000,Age 60-100: 0.0001","Neutral: 0.8222,Happy: 0.0318,Sad: 0.0176,Surprised: 0.0176,Fear: 0.0061,Disgust: 0.0082,Angry: 0.0099,Contempt: 0.0866","['Age 4-7', 'Age 8-14', 'Age 15-24']",0.14240000000000003,"['Neutral', 'Contempt', 'Happy']",0.7356
ddbef343-bbd4-4ba0-b5bd-4f75baa74e57,Female,Age 8-14,Contempt,"0.2515,0.7485","Age 0-3: 0.0001,Age 4-7: 0.0444,Age 8-14: 0.5828,Age 15-24: 0.3665,Age 25-37: 0.0060,Age 38-47: 0.0001,Age 48-59: 0.0001,Age 60-100: 0.0000","Neutral: 0.4171,Happy: 0.0175,Sad: 0.0460,Surprised: 0.0069,Fear: 0.0065,Disgust: 0.0183,Angry: 0.0347,Contempt: 0.4530","['Age 8-14', 'Age 15-24', 'Age 4-7']",0.2163,"['Contempt', 'Neutral', 'Sad']",0.03589999999999999
e15fc4e5-dfd9-45a7-a897-8187b3a01fb5,Female,Age 8-14,Happy,"0.0070,0.9930","Age 0-3: 0.0009,Age 4-7: 0.2960,Age 8-14: 0.6345,Age 15-24: 0.0627,Age 25-37: 0.0057,Age 38-47: 0.0001,Age 48-59: 0.0001,Age 60-100: 0.0001","Neutral: 0.1857,Happy: 0.6333,Sad: 0.0019,Surprised: 0.0616,Fear: 0.0001,Disgust: 0.0092,Angry: 0.0233,Contempt: 0.0849","['Age 8-14', 'Age 4-7', 'Age 15-24']",0.33849999999999997,"['Happy', 'Neutral', 'Contempt']",0.4476
e167c47b-3fc1-4333-8847-54710f62f0ce,Male,Age 8-14,Neutral,"0.9670,0.0330","Age 0-3: 0.0000,Age 4-7: 0.0021,Age 8-14: 0.9971,Age 15-24: 0.0008,Age 25-37: 0.0000,Age 38-47: 0.0000,Age 48-59: 0.0000,Age 60-100: 0.0000","Neutral: 0.7018,Happy: 0.0201,Sad: 0.0253,Surprised: 0.0068,Fear: 0.0014,Disgust: 0.0033,Angry: 0.1248,Contempt: 0.1164","['Age 8-14', 'Age 4-7', 'Age 15-24']",0.995,"['Neutral', 'Angry', 'Contempt']",0.577
e33f7545-6b33-4eca-8f09-a39d04597e85,Male,Age 4-7,Contempt,"0.5792,0.4208","Age 0-3: 0.0011,Age 4-7: 0.7793,Age 8-14: 0.2184,Age 15-24: 0.0011,Age 25-37: 0.0000,Age 38-47: 0.0000,Age 48-59: 0.0000,Age 60-100: 0.0000","Neutral: 0.3780,Happy: 0.0378,Sad: 0.0054,Surprised: 0.0027,Fear: 0.0001,Disgust: 0.0061,Angry: 0.0286,Contempt: 0.5414","['Age 4-7', 'Age 8-14', 'Age 15-24']",0.5609,"['Contempt', 'Neutral', 'Happy']",0.1634
e365254e-1853-4a64-8dde-03df3aebc323,Male,Age 8-14,Neutral,"0.7930,0.2070","Age 0-3: 0.0011,Age 4-7: 0.3121,Age 8-14: 0.6628,Age 15-24: 0.0216,Age 25-37: 0.0022,Age 38-47: 0.0001,Age 48-59: 0.0000,Age 60-100: 0.0002","Neutral: 0.8745,Happy: 0.0269,Sad: 0.0357,Surprised: 0.0232,Fear: 0.0019,Disgust: 0.0023,Angry: 0.0171,Contempt: 0.0184","['Age 8-14', 'Age 4-7', 'Age 15-24']",0.35069999999999996,"['Neutral', 'Sad', 'Happy']",0.8388000000000001
e3dd4f70-7182-482b-8317-f7d9a4f321be,Female,Age 8-14,Neutral,"0.0453,0.9547","Age 0-3: 0.0005,Age 4-7: 0.0834,Age 8-14: 0.7800,Age 15-24: 0.1119,Age 25-37: 0.0223,Age 38-47: 0.0011,Age 48-59: 0.0003,Age 60-100: 0.0005","Neutral: 0.7568,Happy: 0.0696,Sad: 0.0293,Surprised: 0.0359,Fear: 0.0035,Disgust: 0.0157,Angry: 0.0462,Contempt: 0.0431","['Age 8-14', 'Age 15-24', 'Age 4-7']",0.6681,"['Neutral', 'Happy', 'Angry']",0.6872
e4cbf3cc-ea10-4d40-b8b4-9a2b10d535e0,Female,Age 8-14,Neutral,"0.1264,0.8736","Age 0-3: 0.0016,Age 4-7: 0.1387,Age 8-14: 0.7165,Age 15-24: 0.0898,Age 25-37: 0.0485,Age 38-47: 0.0026,Age 48-59: 0.0009,Age 60-100: 0.0012","Neutral: 0.8251,Happy: 0.0262,Sad: 0.0369,Surprised: 0.0187,Fear: 0.0066,Disgust: 0.0113,Angry: 0.0221,Contempt: 0.0532","['Age 8-14', 'Age 4-7', 'Age 15-24']",0.5778000000000001,"['Neutral', 'Contempt', 'Sad']",0.7718999999999999
e856b849-dcd5-4fc0-9b3b-fbb452a2e821,Male,Age 8-14,Neutral,"0.9934,0.0066","Age 0-3: 0.0000,Age 4-7: 0.0258,Age 8-14: 0.9035,Age 15-24: 0.0669,Age 25-37: 0.0037,Age 38-47: 0.0001,Age 48-59: 0.0000,Age 60-100: 0.0000","Neutral: 0.9319,Happy: 0.0087,Sad: 0.0161,Surprised: 0.0108,Fear: 0.0017,Disgust: 0.0032,Angry: 0.0115,Contempt: 0.0161","['Age 8-14', 'Age 15-24', 'Age 4-7']",0.8366,"['Neutral', 'Sad', 'Contempt']",0.9158
e913d587-ba91-4092-a92c-12c3df0bda45,Male,Age 8-14,Neutral,"0.9961,0.0039","Age 0-3: 0.0000,Age 4-7: 0.1119,Age 8-14: 0.8854,Age 15-24: 0.0027,Age 25-37: 0.0000,Age 38-47: 0.0000,Age 48-59: 0.0000,Age 60-100: 0.0000","Neutral: 0.8090,Happy: 0.0152,Sad: 0.0535,Surprised: 0.0129,Fear: 0.0099,Disgust: 0.0090,Angry: 0.0239,Contempt: 0.0667","['Age 8-14', 'Age 4-7', 'Age 15-24']",0.7735,"['Neutral', 'Contempt', 'Sad']",0.7423000000000001
ea77853e-f7f5-4322-92e1-768b1eb29998,Female,Age 8-14,Happy,"0.1967,0.8033","Age 0-3: 0.0006,Age 4-7: 0.2530,Age 8-14: 0.6419,Age 15-24: 0.1034,Age 25-37: 0.0011,Age 38-47: 0.0000,Age 48-59: 0.0000,Age 60-100: 0.0000","Neutral: 0.3800,Happy: 0.3882,Sad: 0.0049,Surprised: 0.1680,Fear: 0.0013,Disgust: 0.0059,Angry: 0.0094,Contempt: 0.0424","['Age 8-14', 'Age 4-7', 'Age 15-24']",0.3889,"['Happy', 'Neutral', 'Surprised']",0.008199999999999985
eb6ef920-59b5-492a-bdd4-b3e7e9237750,Male,Age 8-14,Neutral,"0.9922,0.0078","Age 0-3: 0.0000,Age 4-7: 0.4980,Age 8-14: 0.5019,Age 15-24: 0.0001,Age 25-37: 0.0000,Age 38-47: 0.0000,Age 48-59: 0.0000,Age 60-100: 0.0000","Neutral: 0.9579,Happy: 0.0062,Sad: 0.0048,Surprised: 0.0052,Fear: 0.0001,Disgust: 0.0003,Angry: 0.0044,Contempt: 0.0211","['Age 8-14', 'Age 4-7', 'Age 15-24']",0.0039000000000000146,"['Neutral', 'Contempt', 'Happy']",0.9368
eba68ec7-82b6-4ec9-8312-07c6977640a0,Male,Age 8-14,Neutral,"0.7585,0.2415","Age 0-3: 0.0017,Age 4-7: 0.2566,Age 8-14: 0.6769,Age 15-24: 0.0529,Age 25-37: 0.0111,Age 38-47: 0.0003,Age 48-59: 0.0001,Age 60-100: 0.0004","Neutral: 0.8228,Happy: 0.0567,Sad: 0.0303,Surprised: 0.0415,Fear: 0.0046,Disgust: 0.0065,Angry: 0.0134,Contempt: 0.0242","['Age 8-14', 'Age 4-7', 'Age 15-24']",0.42029999999999995,"['Neutral', 'Happy', 'Surprised']",0.7661
ebad2e5a-287e-40fe-9375-1f4ddf3a9230,Female,Age 8-14,Neutral,"0.1772,0.8228","Age 0-3: 0.0002,Age 4-7: 0.1042,Age 8-14: 0.6649,Age 15-24: 0.2286,Age 25-37: 0.0020,Age 38-47: 0.0000,Age 48-59: 0.0000,Age 60-100: 0.0000","Neutral: 0.7573,Happy: 0.0102,Sad: 0.0783,Surprised: 0.0089,Fear: 0.0189,Disgust: 0.0086,Angry: 0.0170,Contempt: 0.1007","['Age 8-14', 'Age 15-24', 'Age 4-7']",0.4363,"['Neutral', 'Contempt', 'Sad']",0.6566
ee51287a-df45-4701-a48a-2e037061f580,Female,Age 4-7,Happy,"0.0019,0.9981","Age 0-3: 0.0002,Age 4-7: 0.4996,Age 8-14: 0.4910,Age 15-24: 0.0092,Age 25-37: 0.0000,Age 38-47: 0.0000,Age 48-59: 0.0000,Age 60-100: 0.0000","Neutral: 0.0454,Happy: 0.9196,Sad: 0.0001,Surprised: 0.0279,Fear: 0.0000,Disgust: 0.0005,Angry: 0.0011,Contempt: 0.0053","['Age 4-7', 'Age 8-14', 'Age 15-24']",0.008599999999999997,"['Happy', 'Neutral', 'Surprised']",0.8742
ef10219b-d770-4df5-81b4-33674a120e50,Male,Age 4-7,Neutral,"0.9902,0.0098","Age 0-3: 0.0000,Age 4-7: 0.9801,Age 8-14: 0.0199,Age 15-24: 0.0000,Age 25-37: 0.0000,Age 38-47: 0.0000,Age 48-59: 0.0000,Age 60-100: 0.0000","Neutral: 0.8466,Happy: 0.0395,Sad: 0.0041,Surprised: 0.0755,Fear: 0.0018,Disgust: 0.0047,Angry: 0.0107,Contempt: 0.0171","['Age 4-7', 'Age 8-14', 'Age 60-100']",0.9601999999999999,"['Neutral', 'Surprised', 'Happy']",0.7711
f1a7d2f2-0169-4b7e-9ad4-84fb22a8947c,Male,Age 4-7,Neutral,"0.9180,0.0820","Age 0-3: 0.0002,Age 4-7: 0.9002,Age 8-14: 0.0996,Age 15-24: 0.0000,Age 25-37: 0.0000,Age 38-47: 0.0000,Age 48-59: 0.0000,Age 60-100: 0.0000","Neutral: 0.9297,Happy: 0.0100,Sad: 0.0234,Surprised: 0.0102,Fear: 0.0013,Disgust: 0.0017,Angry: 0.0074,Contempt: 0.0162","['Age 4-7', 'Age 8-14', 'Age 0-3']",0.8006,"['Neutral', 'Sad', 'Contempt']",0.9063
f3834495-66a1-4293-b023-ec2cfa80d913,Female,Age 8-14,Neutral,"0.0001,0.9999","Age 0-3: 0.0024,Age 4-7: 0.4542,Age 8-14: 0.4974,Age 15-24: 0.0450,Age 25-37: 0.0010,Age 38-47: 0.0000,Age 48-59: 0.0000,Age 60-100: 0.0000","Neutral: 0.8150,Happy: 0.0561,Sad: 0.0104,Surprised: 0.0733,Fear: 0.0050,Disgust: 0.0066,Angry: 0.0064,Contempt: 0.0273","['Age 8-14', 'Age 4-7', 'Age 15-24']",0.043200000000000016,"['Neutral', 'Surprised', 'Happy']",0.7416999999999999
f4204957-a31e-4732-9f4b-89cda2ef456f,Female,Age 8-14,Neutral,"0.0729,0.9271","Age 0-3: 0.0005,Age 4-7: 0.2385,Age 8-14: 0.6974,Age 15-24: 0.0619,Age 25-37: 0.0016,Age 38-47: 0.0000,Age 48-59: 0.0000,Age 60-100: 0.0000","Neutral: 0.5065,Happy: 0.0686,Sad: 0.0204,Surprised: 0.0166,Fear: 0.0048,Disgust: 0.0266,Angry: 0.0484,Contempt: 0.3080","['Age 8-14', 'Age 4-7', 'Age 15-24']",0.45890000000000003,"['Neutral', 'Contempt', 'Happy']",0.19849999999999995
f56d4b89-9ef7-4128-8921-37ba8d106ec3,Female,Age 8-14,Neutral,"0.0886,0.9114","Age 0-3: 0.0000,Age 4-7: 0.0277,Age 8-14: 0.9503,Age 15-24: 0.0220,Age 25-37: 0.0000,Age 38-47: 0.0000,Age 48-59: 0.0000,Age 60-100: 0.0000","Neutral: 0.5754,Happy: 0.0459,Sad: 0.0104,Surprised: 0.0594,Fear: 0.0005,Disgust: 0.0029,Angry: 0.2579,Contempt: 0.0475","['Age 8-14', 'Age 4-7', 'Age 15-24']",0.9226000000000001,"['Neutral', 'Angry', 'Surprised']",0.3175
f683e5b2-cbd7-4fd6-963c-6db6c2de0e40,Female,Age 4-7,Surprised,"0.0097,0.9903","Age 0-3: 0.0032,Age 4-7: 0.4966,Age 8-14: 0.4754,Age 15-24: 0.0224,Age 25-37: 0.0024,Age 38-47: 0.0000,Age 48-59: 0.0000,Age 60-100: 0.0001","Neutral: 0.3884,Happy: 0.0820,Sad: 0.0117,Surprised: 0.4397,Fear: 0.0359,Disgust: 0.0072,Angry: 0.0047,Contempt: 0.0305","['Age 4-7', 'Age 8-14', 'Age 15-24']",0.021199999999999997,"['Surprised', 'Neutral', 'Happy']",0.05129999999999996
f7b281d0-4b08-43b2-a542-b8f0af1c86ba,Female,Age 8-14,Neutral,"0.3365,0.6635","Age 0-3: 0.0004,Age 4-7: 0.1109,Age 8-14: 0.7989,Age 15-24: 0.0742,Age 25-37: 0.0145,Age 38-47: 0.0007,Age 48-59: 0.0001,Age 60-100: 0.0003","Neutral: 0.5096,Happy: 0.0116,Sad: 0.2051,Surprised: 0.0166,Fear: 0.0709,Disgust: 0.0552,Angry: 0.0615,Contempt: 0.0695","['Age 8-14', 'Age 4-7', 'Age 15-24']",0.6880000000000001,"['Neutral', 'Sad', 'Fear']",0.30450000000000005
f914d2f7-1d14-427b-9839-e0234c5ea0c5,Male,Age 8-14,Angry,"0.9995,0.0005","Age 0-3: 0.0000,Age 4-7: 0.4156,Age 8-14: 0.5832,Age 15-24: 0.0010,Age 25-37: 0.0001,Age 38-47: 0.0000,Age 48-59: 0.0000,Age 60-100: 0.0000","Neutral: 0.0001,Happy: 0.0000,Sad: 0.0000,Surprised: 0.0000,Fear: 0.0000,Disgust: 0.0000,Angry: 0.9998,Contempt: 0.0001","['Age 8-14', 'Age 4-7', 'Age 15-24']",0.16760000000000003,"['Angry', 'Neutral', 'Contempt']",0.9997
fb309ba9-f3ca-4f89-9c4f-cf627639a54b,Male,Age 8-14,Neutral,"0.9096,0.0904","Age 0-3: 0.0025,Age 4-7: 0.4381,Age 8-14: 0.5326,Age 15-24: 0.0248,Age 25-37: 0.0019,Age 38-47: 0.0000,Age 48-59: 0.0000,Age 60-100: 0.0001","Neutral: 0.3787,Happy: 0.1126,Sad: 0.0132,Surprised: 0.0196,Fear: 0.0019,Disgust: 0.0280,Angry: 0.0828,Contempt: 0.3633","['Age 8-14', 'Age 4-7', 'Age 15-24']",0.09449999999999997,"['Neutral', 'Contempt', 'Happy']",0.01539999999999997
fc1d6833-2b9e-4698-a5aa-4e0f57c0ba7f,Male,Age 4-7,Neutral,"0.9993,0.0007","Age 0-3: 0.0000,Age 4-7: 0.9589,Age 8-14: 0.0411,Age 15-24: 0.0000,Age 25-37: 0.0000,Age 38-47: 0.0000,Age 48-59: 0.0000,Age 60-100: 0.0000","Neutral: 0.9324,Happy: 0.0187,Sad: 0.0093,Surprised: 0.0072,Fear: 0.0002,Disgust: 0.0017,Angry: 0.0085,Contempt: 0.0220","['Age 4-7', 'Age 8-14', 'Age 60-100']",0.9178,"['Neutral', 'Contempt', 'Happy']",0.9104
fd571fa9-7403-4793-8a20-2785c4717bf4,Female,Age 4-7,Neutral,"0.0134,0.9866","Age 0-3: 0.0001,Age 4-7: 0.7760,Age 8-14: 0.2234,Age 15-24: 0.0004,Age 25-37: 0.0000,Age 38-47: 0.0000,Age 48-59: 0.0000,Age 60-100: 0.0000","Neutral: 0.8292,Happy: 0.0179,Sad: 0.0246,Surprised: 0.0692,Fear: 0.0220,Disgust: 0.0051,Angry: 0.0090,Contempt: 0.0229","['Age 4-7', 'Age 8-14', 'Age 15-24']",0.5526,"['Neutral', 'Surprised', 'Sad']",0.76
fea14816-df3f-49f7-ace7-a9b0aa1d70e5,Male,Age 8-14,Neutral,"0.8815,0.1185","Age 0-3: 0.0000,Age 4-7: 0.0044,Age 8-14: 0.8697,Age 15-24: 0.1258,Age 25-37: 0.0001,Age 38-47: 0.0000,Age 48-59: 0.0000,Age 60-100: 0.0000","Neutral: 0.9870,Happy: 0.0066,Sad: 0.0001,Surprised: 0.0025,Fear: 0.0000,Disgust: 0.0000,Angry: 0.0025,Contempt: 0.0013","['Age 8-14', 'Age 15-24', 'Age 4-7']",0.7439,"['Neutral', 'Happy', 'Surprised']",0.9803999999999999
